row,subsystem,seq,name,unit,qty
5,信息网络系统（专用网）,1,核心交换机,套,2.0
6,信息网络系统（专用网）,2,24口汇聚交换机,台,12.0
7,信息网络系统（专用网）,3,24口接入交换机,台,29.0
8,信息网络系统（专用网）,4,24口POE交换机,台,88.0
9,信息网络系统（专用网）,5,24口工业交换机,台,2.0
10,信息网络系统（专用网）,6,万兆多模光模块,个,48.0
11,信息网络系统（专用网）,7,万兆光模块（单模）,个,528.0
12,信息网络系统（专用网）,8,48口汇聚交换机,台,1.0
13,信息网络系统（专用网）,9,接入网关,台,1.0
14,信息网络系统（内网）,10,核心交换机（内网）,套,2.0
15,信息网络系统（内网）,11,48口汇聚交换机,台,8.0
16,信息网络系统（内网）,12,24口汇聚交换机,台,8.0
17,信息网络系统（内网）,13,48口接入交换机,台,147.0
18,信息网络系统（内网）,14,24口接入交换机,台,15.0
19,信息网络系统（内网）,15,内网无线控制器,台,1.0
20,信息网络系统（内网）,16,内网无线汇聚交换机,台,8.0
21,信息网络系统（内网）,17,内网无线汇聚交换机,台,2.0
22,信息网络系统（内网）,18,零漫游AP主机,台,92.0
23,信息网络系统（内网）,19,单股5米射频线缆,条,117.0
24,信息网络系统（内网）,20,单股10米射频线缆,条,200.0
25,信息网络系统（内网）,21,单股15米射频线缆,条,300.0
26,信息网络系统（内网）,22,室内美化天线,台,617.0
27,信息网络系统（内网）,23,放装AP,台,710.0
28,信息网络系统（内网）,24,高密AP,台,18.0
29,信息网络系统（内网）,25,24口POE交换机,台,149.0
30,信息网络系统（内网）,26,8口POE交换机,台,8.0
31,信息网络系统（内网）,27,万兆光模块（单模）,个,652.0
32,信息网络系统（内网）,28,统一网管&准入认证,套,1.0
33,信息网络系统（内网）,29,万兆多模光模块,个,48.0
34,信息网络系统（内网）,30,万兆光模块（单模）,个,1304.0
35,信息网络系统（内网）,31,40G单模光模块,个,80.0
36,信息网络系统（内网）,32,40km光模块,个,24.0
37,信息网络系统（内网）,33,堆叠线,条,188.0
38,信息网络系统（外网）,34,核心交换机主机,套,2.0
39,信息网络系统（外网）,35,48口汇聚交换机,台,6.0
40,信息网络系统（外网）,36,24口汇聚交换机,台,6.0
41,信息网络系统（外网）,37,48口接入交换机,台,12.0
42,信息网络系统（外网）,38,24口接入交换机,台,66.0
43,信息网络系统（外网）,39,外网无线控制器,台,1.0
44,信息网络系统（外网）,40,外网无线汇聚交换机,台,8.0
45,信息网络系统（外网）,41,外网无线汇聚交换机,台,2.0
46,信息网络系统（外网）,42,24口POE交换机,台,73.0
47,信息网络系统（外网）,43,万兆光模块（单模）,个,354.0
48,信息网络系统（外网）,44,统一网管&准入认证,套,1.0
49,信息网络系统（外网）,45,万兆多模光模块,个,48.0
50,信息网络系统（外网）,46,万兆光模块（单模）,个,779.0
51,综合布线,47,单口面板,个,1896.0
52,综合布线,48,双口面板,个,2916.0
53,综合布线,49,四口面板,个,226.0
54,综合布线,50,六类非屏蔽模块,个,8632.0
55,综合布线,51,3米六类非屏蔽低烟无卤RJ45跳线,条,8632.0
56,综合布线,52,光纤面板,个,20.0
57,综合布线,53,LC四口光纤适配器,套,20.0
58,综合布线,54,1米单模低烟无卤LC光纤尾纤,条,80.0
59,综合布线,55,3米单模低烟无卤双芯LC-LC9/125光纤跳线,条,20.0
60,综合布线,56,RJ45-RJ11语音跳线,条,1130.0
61,综合布线,57,六类非屏蔽B1级双绞线（23AWG）,m,551684.31
62,综合布线,58,4芯室内单模B1等级低烟无卤阻燃光缆9/125,m,2185.98
63,综合布线,59,六A类非屏蔽双绞线,m,139519.08
64,综合布线,60,六类单屏蔽双绞线,m,59954.48
65,综合布线,61,2芯室内单模B1等级低烟无卤阻燃光缆9/125,m,9377.67
66,综合布线,62,12芯室内单模B1等级低烟无卤阻燃光缆9/125,m,31433.0
67,综合布线,63,12芯室外单模光缆9/125,m,1428.77
68,综合布线,64,24芯室内单模B1等级低烟无卤阻燃光缆9/125,m,15716.5
69,综合布线,65,24芯室外单模光缆9/125,m,9482.13
70,综合布线,66,三类25对低烟无卤线缆,m,3173.85
71,综合布线,67,三类50对低烟无卤线缆,m,16336.45
72,综合布线,68,三类100对低烟无卤线缆,m,3173.85
73,综合布线,69,12口24芯LC架式光纤配线架1U,个,192.0
74,综合布线,70,24口48芯LC架式光纤配线架1U,个,442.0
75,综合布线,71,72口144芯LC机架式光纤配线架,个,2.0
76,综合布线,72,LC耦合器,个,19303.0
77,综合布线,73,1米单模单芯LC光纤尾纤,条,19303.0
78,综合布线,74,3米单模双芯LC-LC9/125光纤跳线,条,840.0
79,综合布线,75,24口六类非屏蔽配线架,个,609.0
80,综合布线,76,24口六类屏蔽配线架,个,40.0
81,综合布线,77,24口六A类非屏蔽配线架,个,118.0
82,综合布线,78,1U网络理线架,个,1485.0
83,综合布线,79,2米六类非屏蔽RJ45跳线,条,15624.0
84,综合布线,80,2米六类屏蔽RJ45跳线,条,1008.0
85,综合布线,81,2米六A类非屏蔽RJ45跳线,条,2974.0
86,综合布线,82,网络机柜42U,台,183.0
87,综合布线,83,网络机柜22U,台,19.0
88,综合布线,84,网络机柜18U,台,2.0
89,综合布线,85,8位PDU,个,204.0
90,综合布线,86,室外安防防水机箱,台,4.0
91,综合布线,87,100对机架式跳线架,个,73.0
92,综合布线,88,1U语音理线架,个,73.0
93,综合布线,89,一对BG1101-RJ45快接式跳线,条,1027.0
94,综合布线,90,12口24芯LC架式光纤配线架1U,个,5.0
95,综合布线,91,24口48芯LC架式光纤配线架1U,个,18.0
96,综合布线,92,72口144芯LC机架式光纤配线架,个,3.0
97,综合布线,93,LC耦合器,个,1704.0
98,综合布线,94,1米单模单芯LC光纤尾纤,条,3408.0
99,综合布线,95,3米单模双芯LC-LC9/125光纤跳线,条,100.0
100,综合布线,96,100对机架式跳线架,个,36.0
101,综合布线,97,1U语音理线架,个,36.0
102,综合布线,98,一对110快接式跳线,条,1200.0
103,综合布线,99,金属线槽(桥架) 50*75mm,m,2923.31
104,综合布线,100,镀锌弱电桥架100*100,m,6073.31
105,综合布线,101,镀锌弱电桥架200*100,m,3988.94
106,综合布线,102,镀锌弱电桥架300*100,m,3462.63
107,综合布线,103,镀锌弱电桥架300*150,m,110.0
108,综合布线,104,镀锌弱电桥架300*200,m,873.72
109,综合布线,105,镀锌弱电桥架400*200,m,1167.25
110,综合布线,106,镀锌弱电桥架500*200,m,1119.11
111,综合布线,107,镀锌弱电桥架600*200,m,240.83
112,综合布线,108,配管,m,52970.49
113,综合布线,109,配管,m,21767.29
114,综合布线,110,配管,m,6654.58
115,综合布线,111,配管,m,34690.21
116,综合布线,112,配管,m,2375.0
117,综合布线,113,配管,m,22701.64
118,综合布线,114,配管,m,9328.84
119,综合布线,115,配管,m,2851.96
120,综合布线,116,配管,m,14867.23
121,综合布线,117,配管,m,2612.5
122,综合布线,118,配管,m,2693.59
123,综合布线,119,配管,m,818.73
124,综合布线,120,配管,m,900.99
125,综合布线,121,配管,m,203.85
126,综合布线,122,砖检查井,座,28.0
127,综合布线,123,岗亭,套,2.0
128,综合布线,124,防爆饶管,m,5.0
129,综合布线,125,支架制作、安装,kg,28182.11
130,综合布线,126,抗震支架,套,81.0
131,综合布线,127,抗震支架,套,37.0
132,综合布线,128,抗震支架,套,226.0
133,综合布线,129,抗震支架,套,100.0
134,综合布线,130,抗震支架,套,79.0
135,综合布线,131,抗震支架,套,44.0
136,综合布线,132,抗震支架,套,122.0
137,综合布线,133,抗震支架,套,59.0
138,综合布线,134,抗震支架,套,21.0
139,综合布线,135,抗震支架,套,7.0
140,综合布线,136,抗震支架,套,49.0
141,综合布线,137,抗震支架,套,84.0
142,综合布线,138,抗震支架,套,5.0
143,综合布线,139,抗震支架,套,8.0
144,综合布线,140,抗震支架,套,5.0
145,综合布线,141,抗震支架,套,7.0
146,综合布线,142,抗震支架,套,5.0
147,综合布线,143,抗震支架,套,10.0
148,一卡通,144,人脸门禁一体机,台,105.0
149,一卡通,145,CPU门禁读卡器,台,365.0
150,一卡通,146,CPU电梯门禁读卡器,台,130.0
151,一卡通,147,出门按钮,个,428.0
152,一卡通,148,双门磁力锁,台,368.0
153,一卡通,149,单门磁力锁,台,93.0
154,一卡通,150,单门门禁控制器（支持单双项）,台,7.0
155,一卡通,151,双门门禁控制器（支持单双项）,台,63.0
156,一卡通,152,四门门禁控制器,台,95.0
157,一卡通,153,门禁电源控制箱,台,158.0
158,一卡通,154,消防及报警联动模块,台,158.0
159,一卡通,155,水控机-分体式,台,362.0
160,一卡通,156,流量计（二头外丝）,台,362.0
161,一卡通,157,电动阀（二头内丝）,个,362.0
162,一卡通,158,电源箱,只,30.0
163,一卡通,159,电源,套,35.0
164,一卡通,160,转换机,个,30.0
165,一卡通,161,发卡器,台,1.0
166,一卡通,162,人脸采集器,台,1.0
167,一卡通,163,一卡通管理控制平台,套,1.0
168,一卡通,164,门禁管理软件,套,1.0
169,一卡通,165,水控管理软件,套,1.0
170,一卡通,166,服务器,套,1.0
171,一卡通,167,系统对接,套,1.0
172,一卡通,168,数据库对接,项,1.0
173,一卡通,169,配线,m,8478.03
174,一卡通,170,配线,m,9358.03
175,一卡通,171,配线,m,9894.48
176,一卡通,172,配线,m,8918.03
177,视频监控系统,173,800万全结构化枪式摄像机（公安）（含支吊架）,台,4.0
178,视频监控系统,174,400万人脸抓拍半球摄像机（公安）（含支吊架）,台,23.0
179,视频监控系统,175,800万全结构化枪式摄像机（自用）（含支吊架）,台,6.0
180,视频监控系统,176,400万人脸抓拍枪式摄像机（自用）（含支吊架）,台,2.0
181,视频监控系统,177,400万人脸抓拍半球摄像机（自用）（含支吊架）,台,31.0
182,视频监控系统,178,400万室内半球摄像机（含支吊架）,台,877.0
183,视频监控系统,179,400万室内枪式摄像机（含支吊架）,台,284.0
184,视频监控系统,180,200万室内半球摄像机（含支吊架）,台,130.0
185,视频监控系统,181,400万室外枪式摄像机（含支吊架）,台,122.0
186,视频监控系统,182,400万电梯半球摄像机（含支吊架）,台,19.0
187,视频监控系统,183,600万防油污分析摄像机（含支吊架）,台,17.0
188,视频监控系统,184,500万防爆枪式摄像机（含支吊架）,台,5.0
189,视频监控系统,185,400万热成像摄像机（含支吊架）,台,52.0
190,视频监控系统,186,800万全景摄像机（含支吊架）,台,10.0
191,视频监控系统,187,1600万高空球型摄像机,台,3.0
192,视频监控系统,188,400万室内球型摄像机（含支吊架）,台,1.0
193,视频监控系统,189,400万室外周界摄像机（含支吊架）,台,17.0
194,视频监控系统,190,无线网桥,对,17.0
195,视频监控系统,191,防爆控制盒,个,7.0
196,视频监控系统,192,监控立杆,套,16.0
197,视频监控系统,193,监控立杆,套,24.0
198,视频监控系统,194,二合一防雷器,台,64.0
199,视频监控系统,195,监控开关电源,只,9.0
200,视频监控系统,196,监控开关电源,只,5.0
201,视频监控系统,197,光纤收发器,台,35.0
202,视频监控系统,198,拾音器,台,64.0
203,视频监控系统,199,20路高清解码器,台,1.0
204,视频监控系统,200,55寸拼接屏,台,20.0
205,视频监控系统,201,拼接屏支架,套,1.0
206,视频监控系统,202,网络键盘,套,1.0
207,视频监控系统,203,综合安防模块,台,1.0
208,视频监控系统,204,服务器,台,1.0
209,视频监控系统,205,人体分析服务模块,台,1.0
210,视频监控系统,206,中心存储服务器（86盘位）,台,4.0
211,视频监控系统,207,32路NVR（16盘位）,台,1.0
212,视频监控系统,208,流媒体服务器,套,1.0
213,视频监控系统,209,中心存储配套硬盘24T,块,295.0
214,视频监控系统,210,硬盘8T,块,25.0
215,视频监控系统（食堂）,211,明厨亮灶显示屏,台,2.0
216,视频监控系统（食堂）,212,多媒体终端,套,2.0
217,视频监控系统（食堂）,213,2米长HDMI线,条,2.0
218,视频监控系统（食堂）,214,配线,m,29485.81
219,视频监控系统（食堂）,215,配线,m,8742.9
220,视频监控系统（食堂）,216,配线,m,1068.6
221,视频监控系统（食堂）,217,10米长HDMI线,条,20.0
222,可视对讲系统,218,人脸门禁一体机,台,36.0
223,可视对讲系统,219,可视对讲室内机（含底座）,台,36.0
224,可视对讲系统,220,陪护二维码阅读器,台,36.0
225,可视对讲系统,221,出门按钮,个,36.0
226,可视对讲系统,222,双门磁力锁,台,36.0
227,可视对讲系统,223,门禁急停系统,台,36.0
228,可视对讲系统,224,系统对接,套,1.0
229,可视对讲系统,225,配线,m,810.82
230,可视对讲系统,226,配线,m,810.82
231,可视对讲系统,227,配线,m,1530.82
232,停车场管理系统,228,高速道闸,套,6.0
233,停车场管理系统,229,卡口旗舰版专用高速摄像机（主机）,台,6.0
234,停车场管理系统,230,卡口旗舰版专用高速摄像机（辅机）,台,6.0
235,停车场管理系统,231,车辆检测器,套,6.0
236,停车场管理系统,232,安全岛,套,2.0
237,停车场管理系统,233,数字视频车位检测终端（一对一）,套,89.0
238,停车场管理系统,234,数字视频车位检测终端（一对二）,套,88.0
239,停车场管理系统,235,数字视频车位检测终端（一对三）,套,76.0
240,停车场管理系统,236,网络控制器,台,1.0
241,停车场管理系统,237,蓝牙定位地图绘制及引擎,套,1.0
242,停车场管理系统,238,蓝牙信标,套,304.0
243,停车场管理系统,239,汇聚交换机,台,12.0
244,停车场管理系统,240,网络交换机,台,11.0
245,停车场管理系统,241,无线地贴式超声波车位探测器,套,45.0
246,停车场管理系统,242,无线节点控制器,台,1.0
247,停车场管理系统,243,无线车位指示灯,套,9.0
248,停车场管理系统,244,室内单向车位引导屏,台,10.0
249,停车场管理系统,245,室内双向车位引导屏,台,26.0
250,停车场管理系统,246,室内三向车位引导屏,台,3.0
251,停车场管理系统,247,总出入口车位引导屏,台,3.0
252,停车场管理系统,248,询车查询缴费二维码,套,1.0
253,停车场管理系统,249,停车场管理软件,套,1.0
254,停车场管理系统,250,标准接口,台,1.0
255,停车场管理系统,251,车位引导系统管理软件,套,1.0
256,停车场管理系统,252,反向寻车管理软件,套,1.0
257,停车场管理系统,253,收费管理服务器,台,1.0
258,停车场管理系统,254,引导管理服务器,台,1.0
259,停车场管理系统,255,配线,m,7803.9
260,停车场管理系统,256,配线,m,3418.1
261,停车场管理系统,257,4芯室外光纤,m,1714.52
262,防爆安检,258,安检机（带体温监测）,套,1.0
263,防爆安检,259,安检门,套,1.0
264,防冲撞柱,260,液压升降柱,台,22.0
265,防冲撞柱,261,液压升降柱网络控制柜,台,2.0
266,防冲撞柱,262,潜污泵,台,2.0
267,防冲撞柱,263,配线,m,120.0
268,防冲撞柱,264,软芯线,m,120.0
269,防冲撞柱,265,电力电缆,m,24.0
270,防冲撞柱,266,PVC排水管,m,120.0
271,防冲撞柱,267,PVC进线管,m,120.0
272,防冲撞柱,268,HDPE管,m,50.0
273,防冲撞柱,269,雨水井盖,座,2.0
274,入侵报警系统,270,壁装双鉴探测器,个,47.0
275,入侵报警系统,271,吸顶双鉴探测器,个,25.0
276,入侵报警系统,272,紧急报警开关,个,91.0
277,入侵报警系统,273,紧急求助按钮,个,36.0
278,入侵报警系统,274,声光报警器,个,13.0
279,入侵报警系统,275,单防区带输出地址模块,只,11.0
280,入侵报警系统,276,双防区地址模块,只,17.0
281,入侵报警系统,277,四防区地址模块,只,22.0
282,入侵报警系统,278,八防区地址模块,只,8.0
283,入侵报警系统,279,无声式一键报警器,台,1.0
284,入侵报警系统,280,报警控制键盘,个,1.0
285,入侵报警系统,281,总线型报警主机,套,1.0
286,入侵报警系统,282,配线,m,4940.66
287,入侵报警系统,283,配线,m,4591.1
288,入侵报警系统,284,配线,m,1147.78
289,入侵报警系统,285,配线,m,1147.78
290,电梯对讲,286,软芯线,m,2003.09
291,公共广播系统,287,服务器,台,1.0
292,公共广播系统,288,系统软件,台,1.0
293,公共广播系统,289,操作系统,台,1.0
294,公共广播系统,290,报警采集器,台,1.0
295,公共广播系统,291,数字IP网络平台终端嵌入软件,台,1.0
296,公共广播系统,292,寻呼话筒,台,1.0
297,公共广播系统,293,IP终端嵌入软件,台,1.0
298,公共广播系统,294,IP网络音箱,台,1.0
299,公共广播系统,295,数字化IP网络终端嵌入软件,台,1.0
300,公共广播系统,296,CD播放器,台,1.0
301,公共广播系统,297,调谐器,台,1.0
302,公共广播系统,298,前置放大器,台,1.0
303,公共广播系统,299,话筒,套,1.0
304,公共广播系统,300,音频采集器,台,1.0
305,公共广播系统,301,电源管理器,台,1.0
306,公共广播系统,302,数字化网络广播系统管理平台,台,1.0
307,公共广播系统,303,寻呼话筒,台,1.0
308,公共广播系统,304,IP终端嵌入软件,台,1.0
309,公共广播系统,305,网络功放终端,台,52.0
310,公共广播系统,306,IP终端嵌入软件,台,52.0
311,公共广播系统,307,网络功放终端,台,2.0
312,公共广播系统,308,IP终端嵌入软件,台,2.0
313,公共广播系统,309,IP终端,台,1.0
314,公共广播系统,310,IP终端嵌入软件,台,1.0
315,公共广播系统,311,前置放大器,台,1.0
316,公共广播系统,312,纯后级功放,台,1.0
317,公共广播系统,313,草地音箱,台,22.0
318,公共广播系统,314,音频连接线,条,4.0
319,公共广播系统,315,音频连接线,条,2.0
320,公共广播系统,316,音频连接线,条,1.0
321,公共广播系统,317,喇叭线（室内）,m,16627.68
322,公共广播系统,318,喇叭线（室外）,m,7027.68
323,公共广播系统,319,配线,m,11834.64
324,IPTV网络电视,320,出口防火墙,台,1.0
325,IPTV网络电视,321,核心交换机,台,1.0
326,IPTV网络电视,322,24口汇聚交换机,台,2.0
327,IPTV网络电视,323,24口接入交换机,台,19.0
328,IPTV网络电视,324,万兆多模光模块,个,24.0
329,IPTV网络电视,325,万兆光模块（单模）,个,80.0
330,IPTV网络电视,326,有线电视服务器,套,1.0
331,IPTV网络电视,327,点播服务器,套,1.0
332,智能化照明,328,控制箱体,台,8.0
333,智能化照明,329,照明系统管理器,台,8.0
334,智能化照明,330,总线电源模块,只,16.0
335,智能化照明,331,4路智能照明模块,只,9.0
336,智能化照明,332,8路智能照明模块,只,23.0
337,智能化照明,333,12路智能照明模块,只,61.0
338,智能化照明,334,6键智能控制面板,个,68.0
339,智能化照明,335,照明软件,台,1.0
340,智能化照明,336,系统对接,台,1.0
341,智能化照明,337,配线,m,11871.38
342,智能化照明,338,配线,m,9574.27
343,食堂消费系统,339,云食堂管理软件,台,1.0
344,食堂消费系统,340,人脸识别智慧餐台（含智能智慧餐,套,4.0
345,食堂消费系统,341,人脸识别双屏消费机（含收银结算）,套,6.0
346,食堂消费系统,342,"智能无感出品台
（四格、无感出品、营养指示）",套,4.0
347,食堂消费系统,343,集成出品控制器,套,2.0
348,食堂消费系统,344,智能芯片餐具,个,3000.0
349,食堂消费系统,345,菜品发布屏,m2,11.0
350,食堂消费系统,346,菜品发布模块,台,6.0
351,食堂消费系统,347,手持移动消费终端,套,6.0
352,食堂消费系统,348,自助充值机,套,1.0
353,食堂消费系统,349,服务器,套,1.0
354,食堂消费系统,350,46寸显示器,台,4.0
355,时钟系统,351,NTP同步中心时钟系统 软件,套,1.0
356,时钟系统,352,NTP同步中心时钟,套,2.0
357,时钟系统,353,天线,套,2.0
358,时钟系统,354,单面数字子钟（3寸）,套,30.0
359,门诊叫号系统,355,智能分诊导引系统,套,1.0
360,门诊叫号系统,356,医生工作站叫号软件,套,24.0
361,门诊叫号系统,357,护士分诊台管理软件,套,2.0
362,门诊叫号系统,358,自助报到服务软件,套,1.0
363,门诊叫号系统,359,系统对接,套,1.0
364,门诊叫号系统,360,诊室液晶一体机,台,28.0
365,门诊叫号系统,361,自助报到一体机,台,5.0
366,门诊叫号系统,362,网络液晶一体机,台,2.0
367,门诊叫号系统,363,吸顶喇叭,台,23.0
368,门诊叫号系统,364,多功能读卡器,台,2.0
369,门诊叫号系统,365,多媒体功率放大器,台,5.0
370,门诊叫号系统,366,主服务器,台,1.0
371,医护对讲系统,367,护理通讯信息系统软件,套,1.0
372,医护对讲系统,368,智能护理信息看板交互软件,套,24.0
373,医护对讲系统,369,智慧床旁交互系统软件,套,1.0
374,医护对讲系统,370,系统对接,套,1.0
375,医护对讲系统,371,医护主机,台,25.0
376,医护对讲系统,372,床头分机,台,885.0
377,医护对讲系统,373,门口分机,台,363.0
378,医护对讲系统,374,值班分机,台,22.0
379,医护对讲系统,375,卫生间按钮,个,349.0
380,医护对讲系统,376,走廊显示屏,台,48.0
381,医护对讲系统,377,网络液晶一体机,台,24.0
382,医护对讲系统,378,主服务器,台,1.0
383,医护对讲系统,379,配线,m,2587.56
384,建筑能效控制系统BA,380,压差开关,个,237.0
385,建筑能效控制系统BA,381,防冻开关,个,79.0
386,建筑能效控制系统BA,382,风管温湿度传感器,台,85.0
387,建筑能效控制系统BA,383,液位开关,个,206.0
388,建筑能效控制系统BA,384,空气品质传感器,台,118.0
389,建筑能效控制系统BA,385,开关型风阀执行器,个,73.0
390,建筑能效控制系统BA,386,调节型风阀执行器,个,12.0
391,建筑能效控制系统BA,387,风管CO2传感器,台,6.0
392,建筑能效控制系统BA,388,直流无刷联网型温控器,个,286.0
393,建筑能效控制系统BA,389,IP控制器,台,71.0
394,建筑能效控制系统BA,390,IP控制器扩展模块,台,72.0
395,建筑能效控制系统BA,391,IP控制器扩展模块,台,52.0
396,建筑能效控制系统BA,392,IP控制器扩展模块,台,35.0
397,建筑能效控制系统BA,393,IP控制器扩展模块,台,51.0
398,建筑能效控制系统BA,394,DDC控制箱,台,15.0
399,建筑能效控制系统BA,395,DDC控制箱,台,55.0
400,建筑能效控制系统BA,396,DDC控制箱,台,1.0
401,建筑能效控制系统BA,397,楼控系统监控软件,套,1.0
402,建筑能效控制系统BA,398,系统对接,套,1.0
403,建筑能效控制系统BA,399,集成MODBUS点位授权包,套,1.0
404,建筑能效控制系统BA,400,集成BACnet点位授权包,套,1.0
405,建筑能效控制系统BA,401,风机盘管联网监控系统功能模块,台,1.0
406,建筑能效控制系统BA,402,环境监测系统功能模块,台,1.0
407,建筑能效控制系统BA,403,通讯网关-变配电系统,台,3.0
408,建筑能效控制系统BA,404,通讯网关-柴油发电系统,台,1.0
409,建筑能效控制系统BA,405,通讯网关-生活水系统,台,1.0
410,建筑能效控制系统BA,406,通讯网关-热水系统,台,1.0
411,建筑能效控制系统BA,407,通讯网关-冷热源群控系统系统,台,1.0
412,建筑能效控制系统BA,408,通讯网关-电梯系统,台,6.0
413,建筑能效控制系统BA,409,通讯网关-风机盘管系统,台,25.0
414,建筑能效控制系统BA,410,通讯网关-空气质量系统,台,24.0
415,建筑能效控制系统BA,411,通讯网关-医用吸引中心站,台,1.0
416,建筑能效控制系统BA,412,通讯网关-医用压缩空气中心站,台,1.0
417,建筑能效控制系统BA,413,通讯网关-一期新建氧气站,台,1.0
418,建筑能效控制系统BA,414,网关控制箱,台,65.0
419,建筑能效控制系统BA,415,软芯线,m,9377.72
420,建筑能效控制系统BA,416,配线,m,5861.08
421,建筑能效控制系统BA,417,配线,m,15238.8
422,建筑能效控制系统BA,418,配线,m,22888.61
423,建筑能效控制系统BA,419,配线,m,14066.58
424,建筑能效控制系统BA,420,配线,m,10549.93
425,建筑能效控制系统BA,421,配线,m,8205.5
426,建筑能效控制系统BA,422,配线,m,1758.32
427,建筑能效控制系统BA,423,服务器,台,1.0
428,建筑能效控制系统BA,424,电脑工作站（含显示器）,台,1.0
429,建筑能效控制系统BA,425,电脑工作站（含显示器）,台,1.0
430,建筑能效控制系统BA,426,电脑工作站（含显示器）,台,1.0
431,智能化集成平台,427,平台基础底座,套,1.0
432,智能化集成平台,428,数视融合管理,套,1.0
433,智能化集成平台,429,运维物业管理系统（web）,套,1.0
434,智能化集成平台,430,物业运维管理系统（APP）,套,1.0
435,智能化集成平台,431,物联网平台软件,套,1.0
436,智能化集成平台,432,智能化系统实施对接调试,套,1.0
437,智能化集成平台,433,硬件,套,1.0
438,能耗监测,434,采集器,台,10.0
439,能耗监测,435,能耗采集箱,台,10.0
440,能耗监测,436,电表集成费用,台,1.0
441,能耗监测,437,水表集成费用,台,1.0
442,能耗监测,438,三相电能表,台,225.0
443,能耗监测,439,光电直读远传冷水表,台,74.0
444,能耗监测,440,光电直读远传热水表,台,57.0
445,能耗监测,441,能耗软件,套,1.0
446,能耗监测,442,数据接口,台,1.0
447,能耗监测,443,能耗数据上传模块,台,1.0
448,能耗监测,444,软芯线,m,5739.92
449,能耗监测,445,软芯线,m,3443.95
450,AI室内导航系统系统,446,室内定位信标,套,180.0
451,AI室内导航系统系统,447,定位引擎（组件）,套,1.0
452,AI室内导航系统系统,448,地图引擎（组件）,套,1.0
453,AI室内导航系统系统,449,手机导诊陪诊软件,套,1.0
454,AI室内导航系统系统,450,导诊陪诊后台管理系统,套,1.0
455,AI室内导航系统系统,451,巡检部署平台软件,套,1.0
456,AI室内导航系统系统,452,公众号对接,套,1.0
457,AI室内导航系统系统,453,医院全系统对接,套,1.0
458,AI室内导航系统系统,454,电子地图数据(室内外2.5D),m2,76627.0
459,AI室内导航系统系统,455,电子地图数据(3D室外),栋,1.0
460,多媒体会议系统（1F急救技能训练）,456,智慧教学一体机,台,1.0
461,多媒体会议系统（1F急救技能训练）,457,有线麦克风,套,1.0
462,多媒体会议系统（1F急救技能训练）,458,壁挂式音箱,台,2.0
463,多媒体会议系统（1F急救技能训练）,459,室内全彩LED显示屏,m2,4.84
464,多媒体会议系统（1F急救技能训练）,460,二合一处理器,台,1.0
465,多媒体会议系统（1F急救技能训练）,461,专用配电柜,台,1.0
466,多媒体会议系统（1F急救技能训练）,462,工程线缆,套,1.0
467,多媒体会议系统（1F急救技能训练）,463,大屏控制电脑,台,1.0
468,多媒体会议系统（1F急救技能训练）,464,电源时序器,台,1.0
469,多媒体会议系统（1F急救技能训练）,465,无线投屏器,台,1.0
470,多媒体会议系统（1F急救技能训练）,466,USB发射器,台,1.0
471,多媒体会议系统（1F急救技能训练）,467,会议一体机(含配套支架）,台,1.0
472,多媒体会议系统（1F急救技能训练）,468,信息墙插,套,1.0
473,多媒体会议系统（1F培训教室（一、二）（76.35㎡、83.09㎡））,469,智慧教学一体机,台,2.0
474,多媒体会议系统（1F培训教室（一、二）（76.35㎡、83.09㎡））,470,控制单元,台,2.0
475,多媒体会议系统（1F培训教室（一、二）（76.35㎡、83.09㎡））,471,老师区域拾音麦克风,套,2.0
476,多媒体会议系统（1F培训教室（一、二）（76.35㎡、83.09㎡））,472,数字红外接收器,套,2.0
477,多媒体会议系统（1F培训教室（一、二）（76.35㎡、83.09㎡））,473,数字红外无线麦克风,台,2.0
478,多媒体会议系统（1F培训教室（一、二）（76.35㎡、83.09㎡））,474,有线麦克风,套,2.0
479,多媒体会议系统（1F培训教室（一、二）（76.35㎡、83.09㎡））,475,壁挂式音箱,台,4.0
480,多媒体会议系统（1F培训教室（一、二）（76.35㎡、83.09㎡））,476,会议一体机,台,2.0
481,多媒体会议系统（1F培训教室（一、二）（76.35㎡、83.09㎡））,477,摄像机,台,4.0
482,多媒体会议系统（1F培训教室（一、二）（76.35㎡、83.09㎡））,478,录播一体机,台,2.0
483,多媒体会议系统（1F培训教室（一、二）（76.35㎡、83.09㎡））,479,电源时序器,台,2.0
484,多媒体会议系统（1F培训教室（三）（155.92㎡））,480,智慧教学一体机,台,1.0
485,多媒体会议系统（1F培训教室（三）（155.92㎡））,481,控制单元,台,1.0
486,多媒体会议系统（1F培训教室（三）（155.92㎡））,482,老师区域拾音麦克风,套,1.0
487,多媒体会议系统（1F培训教室（三）（155.92㎡））,483,控制接口扩展器,台,1.0
488,多媒体会议系统（1F培训教室（三）（155.92㎡））,484,数字红外接收器,套,2.0
489,多媒体会议系统（1F培训教室（三）（155.92㎡））,485,数字红外无线麦克风,台,1.0
490,多媒体会议系统（1F培训教室（三）（155.92㎡））,486,有线麦克风,套,1.0
491,多媒体会议系统（1F培训教室（三）（155.92㎡））,487,壁挂式音箱,台,4.0
492,多媒体会议系统（1F培训教室（三）（155.92㎡））,488,摄像机,台,2.0
493,多媒体会议系统（1F培训教室（三）（155.92㎡））,489,智慧医院教学平台基础软件,台,1.0
494,多媒体会议系统（1F培训教室（三）（155.92㎡））,490,录播一体机,台,1.0
495,多媒体会议系统（1F培训教室（三）（155.92㎡））,491,电源时序器,台,1.0
496,多媒体会议系统（1F培训教室（三）（155.92㎡））,492,室内全彩LED显示屏,m2,4.84
497,多媒体会议系统（1F培训教室（三）（155.92㎡））,493,二合一处理器,台,1.0
498,多媒体会议系统（1F培训教室（三）（155.92㎡））,494,专用配电柜,台,1.0
499,多媒体会议系统（1F培训教室（三）（155.92㎡））,495,工程线缆,套,1.0
500,多媒体会议系统（1F培训教室（三）（155.92㎡））,496,管理电脑,台,1.0
501,多媒体会议系统（1F培训教室（三）（155.92㎡））,497,无线投屏器,台,1.0
502,多媒体会议系统（1F培训教室（三）（155.92㎡））,498,USB发射器,台,1.0
503,多媒体会议系统（1F培训教室（三）（155.92㎡））,499,辅助电视,台,2.0
504,多媒体会议系统（1F培训教室（三）（155.92㎡））,500,8进8出HDMI 4K无缝矩阵,台,1.0
505,多媒体会议系统（1F培训教室（三）（155.92㎡））,501,信息地插,套,1.0
506,多媒体会议系统（1F培训教室（三）（155.92㎡））,502,音箱线,m,132.0
507,多媒体会议系统（1F培训教室（三）（155.92㎡））,503,音频线,m,88.0
508,多媒体会议系统（1F培训教室（三）（155.92㎡））,504,配线,m,330.0
509,多媒体会议系统（1F培训教室（三）（155.92㎡））,505,网线,m,330.0
510,多媒体会议系统（1F培训教室（三）（155.92㎡））,506,HDMI2.0有源光缆,条,2.0
511,多媒体会议系统（1F培训教室（三）（155.92㎡））,507,HDMI2.0有源光缆,条,3.0
512,多媒体会议系统（1F培训教室（三）（155.92㎡））,508,HDMI高清线,条,6.0
513,多媒体会议系统（1F培训教室（三）（155.92㎡））,509,机柜,台,1.0
514,多媒体会议系统（1F智慧教室（157.19㎡））,510,智慧教学一体机,台,1.0
515,多媒体会议系统（1F智慧教室（157.19㎡））,511,控制单元,台,1.0
516,多媒体会议系统（1F智慧教室（157.19㎡））,512,控制接口扩展器,台,1.0
517,多媒体会议系统（1F智慧教室（157.19㎡））,513,数字红外接收器,套,2.0
518,多媒体会议系统（1F智慧教室（157.19㎡））,514,数字红外无线麦克风,台,1.0
519,多媒体会议系统（1F智慧教室（157.19㎡））,515,有线麦克风,套,1.0
520,多媒体会议系统（1F智慧教室（157.19㎡））,516,壁挂式音箱,台,4.0
521,多媒体会议系统（1F智慧教室（157.19㎡））,517,电源时序器,台,1.0
522,多媒体会议系统（1F智慧教室（157.19㎡））,518,室内全彩LED显示屏,m2,4.84
523,多媒体会议系统（1F智慧教室（157.19㎡））,519,二合一处理器,台,1.0
524,多媒体会议系统（1F智慧教室（157.19㎡））,520,专用配电柜,台,1.0
525,多媒体会议系统（1F智慧教室（157.19㎡））,521,工程线缆,套,1.0
526,多媒体会议系统（1F智慧教室（157.19㎡））,522,大屏控制电脑,台,1.0
527,多媒体会议系统（1F智慧教室（157.19㎡））,523,辅助电视,台,2.0
528,多媒体会议系统（1F智慧教室（157.19㎡））,524,8进8出HDMI 4K无缝矩阵,台,1.0
529,多媒体会议系统（1F智慧教室（157.19㎡））,525,无线投屏器,台,1.0
530,多媒体会议系统（1F智慧教室（157.19㎡））,526,USB发射器,台,1.0
531,多媒体会议系统（1F智慧教室（157.19㎡））,527,信息地插,套,1.0
532,多媒体会议系统（1F智慧教室（157.19㎡））,528,音箱线,m,120.0
533,多媒体会议系统（1F智慧教室（157.19㎡））,529,音频线,m,80.0
534,多媒体会议系统（1F智慧教室（157.19㎡））,530,配线,m,300.0
535,多媒体会议系统（1F智慧教室（157.19㎡））,531,网线,m,300.0
536,多媒体会议系统（1F智慧教室（157.19㎡））,532,HDMI2.0有源光缆,条,2.0
537,多媒体会议系统（1F智慧教室（157.19㎡））,533,HDMI2.0有源光缆,条,3.0
538,多媒体会议系统（1F智慧教室（157.19㎡））,534,HDMI高清线,条,6.0
539,多媒体会议系统（1F智慧教室（157.19㎡））,535,机柜,台,1.0
540,多媒体会议系统（2F内窥镜培训室（81㎡））,536,会议一体机,台,1.0
541,多媒体会议系统（2F内窥镜培训室（81㎡））,537,信息墙插,套,1.0
542,多媒体会议系统（2F护理技能培训室（92.12㎡））,538,会议一体机,台,1.0
543,多媒体会议系统（2F护理技能培训室（92.12㎡））,539,信息墙插,套,1.0
544,多媒体会议系统（2F多功能培训室（149.11㎡））,540,智慧教学一体机,台,1.0
545,多媒体会议系统（2F多功能培训室（149.11㎡））,541,控制单元,台,1.0
546,多媒体会议系统（2F多功能培训室（149.11㎡））,542,控制接口扩展器,台,1.0
547,多媒体会议系统（2F多功能培训室（149.11㎡））,543,数字红外接收器,套,2.0
548,多媒体会议系统（2F多功能培训室（149.11㎡））,544,数字红外无线麦克风,台,1.0
549,多媒体会议系统（2F多功能培训室（149.11㎡））,545,有线麦克风,套,1.0
550,多媒体会议系统（2F多功能培训室（149.11㎡））,546,壁挂式音箱,台,4.0
551,多媒体会议系统（2F多功能培训室（149.11㎡））,547,电源时序器,台,1.0
552,多媒体会议系统（2F多功能培训室（149.11㎡））,548,会议一体机,台,1.0
553,多媒体会议系统（2F多功能培训室（149.11㎡））,549,辅助电视,台,2.0
554,多媒体会议系统（2F多功能培训室（149.11㎡））,550,8进8出HDMI 4K无缝矩阵,台,1.0
555,多媒体会议系统（2模拟诊室3间（23㎡））,551,会议一体机,台,2.0
556,多媒体会议系统（2模拟诊室3间（23㎡））,552,信息桌插,套,2.0
557,多媒体会议系统（2F心肺培训室（57㎡））,553,会议一体机,台,1.0
558,多媒体会议系统（2F心肺培训室（57㎡））,554,信息桌插,套,1.0
559,多媒体会议系统（2F模拟手术室（44㎡））,555,会议一体机,台,1.0
560,多媒体会议系统（2F模拟手术室（44㎡））,556,信息桌插,套,1.0
561,多媒体会议系统（2F中心监控室、会议室（36㎡、40㎡））,557,会议一体机,台,3.0
562,多媒体会议系统（2F中心监控室、会议室（36㎡、40㎡））,558,信息桌插,套,3.0
563,多媒体会议系统（3F会议室（一）（173㎡））,559,桌面式电容话筒,套,1.0
564,多媒体会议系统（3F会议室（一）（173㎡））,560,一拖二无线手持话筒,套,1.0
565,多媒体会议系统（3F会议室（一）（173㎡））,561,音视控一体机,台,1.0
566,多媒体会议系统（3F会议室（一）（173㎡））,562,音视控一体机管理软件,台,1.0
567,多媒体会议系统（3F会议室（一）（173㎡））,563,全频音箱,台,4.0
568,多媒体会议系统（3F会议室（一）（173㎡））,564,功率放大器,台,1.0
569,多媒体会议系统（3F会议室（一）（173㎡））,565,电源时序器,台,1.0
570,多媒体会议系统（3F会议室（一）（173㎡））,566,路由器,套,1.0
571,多媒体会议系统（3F会议室（一）（173㎡））,567,室内全彩LED显示屏,m2,4.84
572,多媒体会议系统（3F会议室（一）（173㎡））,568,二合一处理器,台,1.0
573,多媒体会议系统（3F会议室（一）（173㎡））,569,专用配电柜,台,1.0
574,多媒体会议系统（3F会议室（一）（173㎡））,570,工程线缆,套,1.0
575,多媒体会议系统（3F会议室（一）（173㎡））,571,大屏控制电脑,台,1.0
576,多媒体会议系统（3F会议室（一）（173㎡））,572,无线投屏器,台,1.0
577,多媒体会议系统（3F会议室（一）（173㎡））,573,USB发射器,台,1.0
578,多媒体会议系统（3F会议室（一）（173㎡））,574,信息地插,套,1.0
579,多媒体会议系统（3F会议室（一）（173㎡））,575,音箱线,m,160.0
580,多媒体会议系统（3F会议室（一）（173㎡））,576,音频线,m,80.0
581,多媒体会议系统（3F会议室（一）（173㎡））,577,配线,m,100.0
582,多媒体会议系统（3F会议室（一）（173㎡））,578,网线,m,100.0
583,多媒体会议系统（3F会议室（一）（173㎡））,579,HDMI2.0有源光缆,条,1.0
584,多媒体会议系统（3F会议室（一）（173㎡））,580,HDMI高清线,条,2.0
585,多媒体会议系统（3F会议室（一）（173㎡））,581,机柜,台,1.0
586,多媒体会议系统（3F会议室（二）（87.12㎡））,582,一拖二无线手持话筒,套,1.0
587,多媒体会议系统（3F会议室（二）（87.12㎡））,583,全数字化会议系统主机,台,1.0
588,多媒体会议系统（3F会议室（二）（87.12㎡））,584,台面式全数字化会议系统主席单元,套,1.0
589,多媒体会议系统（3F会议室（二）（87.12㎡））,585,台面式全数字化会议系统代表单元,套,5.0
590,多媒体会议系统（3F会议室（二）（87.12㎡））,586,6芯20米延长电缆,套,1.0
591,多媒体会议系统（3F会议室（二）（87.12㎡））,587,接线地座,个,1.0
592,多媒体会议系统（3F会议室（二）（87.12㎡））,588,音视控一体机,台,1.0
593,多媒体会议系统（3F会议室（二）（87.12㎡））,589,吸顶音箱,台,4.0
594,多媒体会议系统（3F会议室（二）（87.12㎡））,590,电源时序器,台,1.0
595,多媒体会议系统（3F会议室（二）（87.12㎡））,591,AI智能自动增益器,台,1.0
596,多媒体会议系统（3F会议室（二）（87.12㎡））,592,会议一体机,台,1.0
597,多媒体会议系统（3F会议室（二）（87.12㎡））,593,信息桌插,套,1.0
598,多媒体会议系统（3F会议室（二）（87.12㎡））,594,信息墙插,套,1.0
599,多媒体会议系统（3F会议室（二）（87.12㎡））,595,音箱线,m,100.0
600,多媒体会议系统（3F会议室（二）（87.12㎡））,596,音频线,m,80.0
601,多媒体会议系统（3F会议室（二）（87.12㎡））,597,配线,m,100.0
602,多媒体会议系统（3F会议室（二）（87.12㎡））,598,网线,m,100.0
603,多媒体会议系统（3F会议室（二）（87.12㎡））,599,HDMI2.0有源光缆,条,1.0
604,多媒体会议系统（3F会议室（二）（87.12㎡））,600,机柜,台,1.0
605,多媒体会议系统（3F会议室（三）（88.56㎡））,601,一拖二无线手持话筒,套,1.0
606,多媒体会议系统（3F会议室（三）（88.56㎡））,602,全数字化会议系统主机,台,1.0
607,多媒体会议系统（3F会议室（三）（88.56㎡））,603,台面式全数字化会议系统主席单元,套,1.0
608,多媒体会议系统（3F会议室（三）（88.56㎡））,604,台面式全数字化会议系统代表单元,套,6.0
609,多媒体会议系统（3F会议室（三）（88.56㎡））,605,6芯20米延长电缆,套,1.0
610,多媒体会议系统（3F会议室（三）（88.56㎡））,606,接线地座,个,1.0
611,多媒体会议系统（3F会议室（三）（88.56㎡））,607,智能音视频一体机,台,1.0
612,多媒体会议系统（3F会议室（三）（88.56㎡））,608,吸顶音箱,台,4.0
613,多媒体会议系统（3F会议室（三）（88.56㎡））,609,电源时序器,台,1.0
614,多媒体会议系统（3F会议室（三）（88.56㎡））,610,AI智能自动增益器,台,1.0
615,多媒体会议系统（3F会议室（三）（88.56㎡））,611,会议一体机,台,1.0
616,多媒体会议系统（3F会议室（三）（88.56㎡））,612,信息桌插,套,1.0
617,多媒体会议系统（3F会议室（三）（88.56㎡））,613,信息墙插,套,1.0
618,多媒体会议系统（3F会议室（三）（88.56㎡））,614,音箱线,m,100.0
619,多媒体会议系统（3F会议室（三）（88.56㎡））,615,音频线,m,80.0
620,多媒体会议系统（3F会议室（三）（88.56㎡））,616,配线,m,100.0
621,多媒体会议系统（3F会议室（三）（88.56㎡））,617,网线,m,100.0
622,多媒体会议系统（3F会议室（三）（88.56㎡））,618,HDMI2.0有源光缆,条,1.0
623,多媒体会议系统（3F会议室（三）（88.56㎡））,619,机柜,台,1.0
624,多媒体会议系统（3F多功能厅（338㎡））,620,一拖二无线手持话筒,套,1.0
625,多媒体会议系统（3F多功能厅（338㎡））,621,天线分配器,个,1.0
626,多媒体会议系统（3F多功能厅（338㎡））,622,天线放大器,台,2.0
627,多媒体会议系统（3F多功能厅（338㎡））,623,双咪头方柱形话筒及桌面支架,套,1.0
628,多媒体会议系统（3F多功能厅（338㎡））,624,数字调音台,台,1.0
629,多媒体会议系统（3F多功能厅（338㎡））,625,数字音频处理终端,台,1.0
630,多媒体会议系统（3F多功能厅（338㎡））,626,数字音频处理软件,台,1.0
631,多媒体会议系统（3F多功能厅（338㎡））,627,主扩音箱组,只,8.0
632,多媒体会议系统（3F多功能厅（338㎡））,628,四通道功率放大器,台,1.0
633,多媒体会议系统（3F多功能厅（338㎡））,629,台唇音箱,只,4.0
634,多媒体会议系统（3F多功能厅（338㎡））,630,双通道功率放大器,台,1.0
635,多媒体会议系统（3F多功能厅（338㎡））,631,返听音箱,只,2.0
636,多媒体会议系统（3F多功能厅（338㎡））,632,双通道功率放大器,台,1.0
637,多媒体会议系统（3F多功能厅（338㎡））,633,有源监听音箱,只,2.0
638,多媒体会议系统（3F多功能厅（339㎡））,634,提词器,台,2.0
639,多媒体会议系统（3F多功能厅（338㎡））,635,室内全彩LED显示屏,m2,35.84
640,多媒体会议系统（3F多功能厅（338㎡））,636,二合一处理器,台,1.0
641,多媒体会议系统（3F多功能厅（338㎡））,637,专用配电柜,台,1.0
642,多媒体会议系统（3F多功能厅（338㎡））,638,工程线缆,套,1.0
643,多媒体会议系统（3F多功能厅（338㎡））,639,大屏控制电脑,台,1.0
644,多媒体会议系统（3F多功能厅（338㎡））,640,返看电视机,台,2.0
645,多媒体会议系统（3F多功能厅（338㎡））,641,显示器,台,2.0
646,多媒体会议系统（3F多功能厅（338㎡））,642,录播一体机,台,1.0
647,多媒体会议系统（3F多功能厅（338㎡））,643,摄像机,台,2.0
648,多媒体会议系统（3F多功能厅（338㎡））,644,视讯会议终端,台,1.0
649,多媒体会议系统（3F多功能厅（338㎡））,645,软件视频会议配套设备,台,1.0
650,多媒体会议系统（3F多功能厅（338㎡））,646,高清混合管理矩阵,台,1.0
651,多媒体会议系统（3F多功能厅（338㎡））,647,4路 无缝 HDMI信号输入卡,台,2.0
652,多媒体会议系统（3F多功能厅（338㎡））,648,4路 无缝 HDMI信号输出卡,台,3.0
653,多媒体会议系统（3F多功能厅（338㎡））,649,综合运维控制平台,台,1.0
654,多媒体会议系统（3F多功能厅（338㎡））,650,系统监测模块,套,1.0
655,多媒体会议系统（3F多功能厅（338㎡））,651,日志及查询模块,套,1.0
656,多媒体会议系统（3F多功能厅（338㎡））,652,资产管理模块,套,1.0
657,多媒体会议系统（3F多功能厅（338㎡））,653,联网扩展模块（12口）,套,1.0
658,多媒体会议系统（3F多功能厅（338㎡））,654,红外存储网络模块,套,1.0
659,多媒体会议系统（3F多功能厅（338㎡））,655,网络电源控制器,台,1.0
660,多媒体会议系统（3F多功能厅（338㎡））,656,智能电源监测管理器,套,1.0
661,多媒体会议系统（3F多功能厅（338㎡））,657,路由器,套,1.0
662,多媒体会议系统（3F多功能厅（338㎡））,658,200W嵌入式COB双色温 PAR灯,台,13.0
663,多媒体会议系统（3F多功能厅（338㎡））,659,802颗嵌入式LED面板会议灯,台,7.0
664,多媒体会议系统（3F多功能厅（338㎡））,660,802颗嵌入式LED面板会议灯,台,7.0
665,多媒体会议系统（3F多功能厅（338㎡））,661,1024CH DMX专业控制台,台,1.0
666,多媒体会议系统（3F多功能厅（338㎡））,662,信号放大器(8路）,台,1.0
667,多媒体会议系统（3F多功能厅（338㎡））,663,14路4KW电源直通箱,台,1.0
668,多媒体会议系统（3F多功能厅（338㎡））,664,中央处理器,台,1.0
669,多媒体会议系统（3F多功能厅（338㎡））,665,信息地插,套,2.0
670,多媒体会议系统（3F多功能厅（338㎡））,666,返显地插,套,2.0
671,多媒体会议系统（3F多功能厅（338㎡））,667,音箱地插,套,2.0
672,多媒体会议系统（3F多功能厅（338㎡））,668,音箱线,m,1085.24
673,多媒体会议系统（3F多功能厅（338㎡））,669,音频线,m,220.0
674,多媒体会议系统（3F多功能厅（338㎡））,670,配线,m,440.0
675,多媒体会议系统（3F多功能厅（338㎡））,671,配线,m,330.0
676,多媒体会议系统（3F多功能厅（338㎡））,672,配线,m,330.0
677,多媒体会议系统（3F多功能厅（338㎡））,673,网线,m,440.0
678,多媒体会议系统（3F多功能厅（338㎡））,674,50米50欧成品线,条,2.0
679,多媒体会议系统（3F多功能厅（338㎡））,675,HDMI2.0有源光缆,条,6.0
680,多媒体会议系统（3F多功能厅（338㎡））,676,HDMI高清线,条,10.0
681,多媒体会议系统（3F多功能厅（338㎡））,677,操作台,项,1.0
682,多媒体会议系统（3F多功能厅（338㎡））,678,机柜,台,1.0
683,多媒体会议系统（3F多功能厅（338㎡））,679,座椅,套,262.0
684,多媒体会议系统（4F会议室（一）（200㎡））,680,桌面式电容话筒,套,1.0
685,多媒体会议系统（4F会议室（一）（200㎡））,681,一拖二无线手持话筒,套,1.0
686,多媒体会议系统（4F会议室（一）（200㎡））,682,音视控一体机,台,1.0
687,多媒体会议系统（4F会议室（一）（200㎡））,683,音视控一体机管理软件,台,1.0
688,多媒体会议系统（4F会议室（一）（200㎡））,684,全频音箱,台,4.0
689,多媒体会议系统（4F会议室（一）（200㎡））,685,功率放大器,台,1.0
690,多媒体会议系统（4F会议室（一）（200㎡））,686,吸顶音箱,台,2.0
691,多媒体会议系统（4F会议室（一）（200㎡））,687,双通道功率放大器,台,1.0
692,多媒体会议系统（4F会议室（一）（200㎡））,688,电源时序器,台,1.0
693,多媒体会议系统（4F会议室（一）（200㎡））,689,路由器,套,1.0
694,多媒体会议系统（4F会议室（一）（200㎡））,690,室内全彩LED显示屏,m2,8.29
695,多媒体会议系统（4F会议室（一）（200㎡））,691,二合一处理器,台,1.0
696,多媒体会议系统（4F会议室（一）（200㎡））,692,专用配电柜,台,1.0
697,多媒体会议系统（4F会议室（一）（200㎡））,693,工程线缆,套,1.0
698,多媒体会议系统（4F会议室（一）（200㎡））,694,大屏控制电脑,台,1.0
699,多媒体会议系统（4F会议室（一）（200㎡））,695,无线投屏器,台,1.0
700,多媒体会议系统（4F会议室（一）（200㎡））,696,USB发射器,台,1.0
701,多媒体会议系统（4F会议室（一）（200㎡））,697,信息地插,套,1.0
702,多媒体会议系统（4F会议室（一）（200㎡））,698,音箱线,m,220.0
703,多媒体会议系统（4F会议室（一）（200㎡））,699,音频线,m,88.0
704,多媒体会议系统（4F会议室（一）（200㎡））,700,配线,m,110.0
705,多媒体会议系统（4F会议室（一）（200㎡））,701,网线,m,110.0
706,多媒体会议系统（4F会议室（一）（200㎡））,702,HDMI2.0有源光缆,条,1.0
707,多媒体会议系统（4F会议室（一）（200㎡））,703,HDMI高清线,条,2.0
708,多媒体会议系统（4F会议室（一）（200㎡））,704,机柜,台,1.0
709,多媒体会议系统（4F无纸化智慧会议室（127.22㎡）),705,全数字化会议系统主机,台,1.0
710,多媒体会议系统（4F无纸化智慧会议室（127.22㎡）),706,嵌入式全数字化会议主席发言单元,套,1.0
711,多媒体会议系统（4F无纸化智慧会议室（127.22㎡）),707,嵌入式全数字化会议代表发言单元,套,25.0
712,多媒体会议系统（4F无纸化智慧会议室（127.22㎡）),708,话筒,套,31.0
713,多媒体会议系统（4F无纸化智慧会议室（127.22㎡）),709,20米延长网线专用线,条,2.0
714,多媒体会议系统（4F无纸化智慧会议室（127.22㎡）),710,转换电缆,条,2.0
715,多媒体会议系统（4F无纸化智慧会议室（127.22㎡）),711,接线地座,个,1.0
716,多媒体会议系统（4F无纸化智慧会议室（127.22㎡）),712,一拖二无线手持话筒,套,1.0
717,多媒体会议系统（4F无纸化智慧会议室（127.22㎡）),713,16路调音台,台,1.0
718,多媒体会议系统（4F无纸化智慧会议室（127.22㎡）),714,数字音频处理终端,台,1.0
719,多媒体会议系统（4F无纸化智慧会议室（127.22㎡）),715,数字音频处理软件,台,1.0
720,多媒体会议系统（4F无纸化智慧会议室（127.22㎡）),716,线性阵列扬声器,只,2.0
721,多媒体会议系统（4F无纸化智慧会议室（127.22㎡）),717,双通道功率放大器,台,1.0
722,多媒体会议系统（4F无纸化智慧会议室（127.22㎡）),718,吸顶音箱,台,6.0
723,多媒体会议系统（4F无纸化智慧会议室（127.22㎡）),719,四通道功率放大器,台,1.0
724,多媒体会议系统（4F无纸化智慧会议室（127.22㎡）),720,AI智能自动增益器,台,1.0
725,多媒体会议系统（4F无纸化智慧会议室（127.22㎡）),721,智能会议文件管理服务器,台,1.0
726,多媒体会议系统（4F无纸化智慧会议室（127.22㎡）),722,无纸化会议系统后台管理程序软件,套,1.0
727,多媒体会议系统（4F无纸化智慧会议室（127.22㎡）),723,投影申请服务器,台,1.0
728,多媒体会议系统（4F无纸化智慧会议室（127.22㎡）),724,全高清流媒体编码主机,台,1.0
729,多媒体会议系统（4F无纸化智慧会议室（127.22㎡）),725,有线网络千兆交换机,套,1.0
730,多媒体会议系统（4F无纸化智慧会议室（127.22㎡）),726,无纸化会议系统终端管理程序软件,套,26.0
731,多媒体会议系统（4F无纸化智慧会议室（127.22㎡）),727,智能会议升降一体终端,台,26.0
732,多媒体会议系统（4F无纸化智慧会议室（127.22㎡）),728,室内全彩LED显示屏,m2,8.29
733,多媒体会议系统（4F无纸化智慧会议室（127.22㎡）),729,二合一处理器,台,1.0
734,多媒体会议系统（4F无纸化智慧会议室（127.22㎡）),730,专用配电柜,台,1.0
735,多媒体会议系统（4F无纸化智慧会议室（127.22㎡）),731,工程线缆,套,1.0
736,多媒体会议系统（4F无纸化智慧会议室（127.22㎡）),732,大屏控制电脑,台,1.0
737,多媒体会议系统（4F无纸化智慧会议室（127.22㎡）),733,录播一体机,台,1.0
738,多媒体会议系统（4F无纸化智慧会议室（127.22㎡）),734,摄像机,台,3.0
739,多媒体会议系统（4F无纸化智慧会议室（127.22㎡）),735,视讯会议终端,台,1.0
740,多媒体会议系统（4F无纸化智慧会议室（127.22㎡）),736,软件视频会议配套设备,台,1.0
741,多媒体会议系统（4F无纸化智慧会议室（127.22㎡）),737,高清混合管理矩阵,台,1.0
742,多媒体会议系统（4F无纸化智慧会议室（127.22㎡）),738,4路 无缝 HDMI信号输入卡,台,3.0
743,多媒体会议系统（4F无纸化智慧会议室（127.22㎡）),739,4路 无缝 HDMI信号输出卡,台,2.0
744,多媒体会议系统（4F无纸化智慧会议室（127.22㎡）),740,综合运维控制平台,台,1.0
745,多媒体会议系统（4F无纸化智慧会议室（127.22㎡）),741,系统监测模块,套,1.0
746,多媒体会议系统（4F无纸化智慧会议室（127.22㎡）),742,日志及查询模块,套,1.0
747,多媒体会议系统（4F无纸化智慧会议室（127.22㎡）),743,资产管理模块,套,1.0
748,多媒体会议系统（4F无纸化智慧会议室（127.22㎡）),744,联网扩展模块（12口）,套,1.0
749,多媒体会议系统（4F无纸化智慧会议室（127.22㎡）),745,网络电源控制器,台,1.0
750,多媒体会议系统（4F无纸化智慧会议室（127.22㎡）),746,智能电源监测管理器,套,1.0
751,多媒体会议系统（4F无纸化智慧会议室（127.22㎡）),747,路由器,套,1.0
752,多媒体会议系统（4F无纸化智慧会议室（127.22㎡）),748,摄像机地插,套,2.0
753,多媒体会议系统（4F无纸化智慧会议室（127.22㎡）),749,信息桌插,套,2.0
754,多媒体会议系统（4F无纸化智慧会议室（127.22㎡）),750,音箱线,m,220.0
755,多媒体会议系统（4F无纸化智慧会议室（127.22㎡）),751,音频线,m,110.0
756,多媒体会议系统（4F无纸化智慧会议室（127.22㎡）),752,配线,m,330.0
757,多媒体会议系统（4F无纸化智慧会议室（127.22㎡）),753,网线,m,330.0
758,多媒体会议系统（4F无纸化智慧会议室（127.22㎡）),754,HDMI2.0有源光缆,条,5.0
759,多媒体会议系统（4F无纸化智慧会议室（127.22㎡）),755,HDMI高清线,条,10.0
760,多媒体会议系统（4F无纸化智慧会议室（127.22㎡）),756,机柜,台,1.0
761,多媒体会议系统（4F会议室（三）（88.56㎡）),757,一拖二无线手持话筒,套,1.0
762,多媒体会议系统（4F会议室（三）（88.56㎡）),758,全数字化会议系统主机,台,1.0
763,多媒体会议系统（4F会议室（三）（88.56㎡）),759,台面式全数字化会议系统主席单元,套,1.0
764,多媒体会议系统（4F会议室（三）（88.56㎡）),760,台面式全数字化会议系统代表单元,套,6.0
765,多媒体会议系统（4F会议室（三）（88.56㎡）),761,6芯20米延长电缆,套,1.0
766,多媒体会议系统（4F会议室（三）（88.56㎡）),762,接线地座,个,1.0
767,多媒体会议系统（4F会议室（三）（88.56㎡）),763,音视控一体机,台,1.0
768,多媒体会议系统（4F会议室（三）（88.56㎡）),764,吸顶音箱,台,4.0
769,多媒体会议系统（4F会议室（三）（88.56㎡）),765,电源时序器,台,1.0
770,多媒体会议系统（4F会议室（三）（88.56㎡）),766,AI智能自动增益器,台,1.0
771,多媒体会议系统（4F会议室（三）（88.56㎡）),767,会议一体机,台,1.0
772,多媒体会议系统（4F会议室（三）（88.56㎡）),768,信息桌插,套,1.0
773,多媒体会议系统（4F会议室（三）（88.56㎡）),769,信息墙插,套,1.0
774,多媒体会议系统（4F会议室（三）（88.56㎡）),770,音箱线,m,110.0
775,多媒体会议系统（4F会议室（三）（88.56㎡）),771,音频线,m,88.0
776,多媒体会议系统（4F会议室（三）（88.56㎡）),772,配线,m,110.0
777,多媒体会议系统（4F会议室（三）（88.56㎡）),773,网线,m,110.0
778,多媒体会议系统（4F会议室（三）（88.56㎡）),774,HDMI2.0有源光缆,条,1.0
779,多媒体会议系统（4F会议室（三）（88.56㎡）),775,机柜,台,1.0
780,多媒体会议系统（4F中型学术报告厅（690㎡）),776,一拖二无线手持话筒,套,3.0
781,多媒体会议系统（4F中型学术报告厅（690㎡）),777,一拖二无线头戴话筒,套,1.0
782,多媒体会议系统（4F中型学术报告厅（690㎡）),778,一拖二无线领夹话筒,套,1.0
783,多媒体会议系统（4F中型学术报告厅（690㎡）),779,天线分配器,个,1.0
784,多媒体会议系统（4F中型学术报告厅（690㎡）),780,天线放大器,台,6.0
785,多媒体会议系统（4F中型学术报告厅（690㎡）),781,合路器,套,4.0
786,多媒体会议系统（4F中型学术报告厅（690㎡）),782,全数字化会议系统主机,台,3.0
787,多媒体会议系统（4F中型学术报告厅（690㎡）),783,台面式全数字化会议系统主席单元,套,3.0
788,多媒体会议系统（4F中型学术报告厅（690㎡）),784,台面式全数字化会议系统代表单元,套,38.0
789,多媒体会议系统（4F中型学术报告厅（690㎡）),785,6芯50米延长电缆,套,1.0
790,多媒体会议系统（4F中型学术报告厅（690㎡）),786,6芯20米延长电缆,套,1.0
791,多媒体会议系统（4F中型学术报告厅（690㎡）),787,6芯3米延长电缆,套,26.0
792,多媒体会议系统（4F中型学术报告厅（690㎡）),788,接线地座,个,1.0
793,多媒体会议系统（4F中型学术报告厅（690㎡）),789,双咪头方柱形话筒及桌面支架,套,1.0
794,多媒体会议系统（4F中型学术报告厅（690㎡）),790,数字调音台,台,1.0
795,多媒体会议系统（4F中型学术报告厅（690㎡）),791,数字音频处理终端,台,1.0
796,多媒体会议系统（4F中型学术报告厅（690㎡）),792,数字音频处理软件,台,1.0
797,多媒体会议系统（4F中型学术报告厅（690㎡）),793,4个5寸线阵列音箱,只,8.0
798,多媒体会议系统（4F中型学术报告厅（690㎡）),794,单15寸线阵列低音音箱,只,4.0
799,多媒体会议系统（4F中型学术报告厅（690㎡）),795,四通道功率放大器,台,1.0
800,多媒体会议系统（4F中型学术报告厅（690㎡）),796,四通道功率放大器,台,1.0
801,多媒体会议系统（4F中型学术报告厅（690㎡）),797,返听音箱,只,2.0
802,多媒体会议系统（4F中型学术报告厅（690㎡）),798,双通道功率放大器,台,1.0
803,多媒体会议系统（4F中型学术报告厅（690㎡）),799,音柱系统（音柱+超低）,只,8.0
804,多媒体会议系统（4F中型学术报告厅（690㎡）),800,有源监听音箱,只,2.0
805,多媒体会议系统（4F中型学术报告厅（690㎡）),801,AI智能自动增益器,台,1.0
806,多媒体会议系统（3F多功能厅（339㎡））,802,提词器,台,2.0
807,多媒体会议系统（4F中型学术报告厅（690㎡）),803,主屏,m2,33.17
808,多媒体会议系统（4F中型学术报告厅（690㎡）),804,2块辅屏,m2,16.58
809,多媒体会议系统（4F中型学术报告厅（690㎡）),805,二合一处理器,台,1.0
810,多媒体会议系统（4F中型学术报告厅（690㎡）),806,二合一处理器,台,2.0
811,多媒体会议系统（4F中型学术报告厅（690㎡）),807,电动机械结构,套,2.0
812,多媒体会议系统（4F中型学术报告厅（690㎡）),808,专用配电柜,台,1.0
813,多媒体会议系统（4F中型学术报告厅（690㎡）),809,工程线缆,套,1.0
814,多媒体会议系统（4F中型学术报告厅（690㎡）),810,大屏控制电脑,台,1.0
815,多媒体会议系统（4F中型学术报告厅（690㎡）),811,录播一体机,台,1.0
816,多媒体会议系统（4F中型学术报告厅（690㎡）),812,摄像机,台,4.0
817,多媒体会议系统（4F中型学术报告厅（690㎡）),813,视讯会议终端,台,1.0
818,多媒体会议系统（4F中型学术报告厅（690㎡）),814,软件视频会议配套设备,台,1.0
819,多媒体会议系统（4F中型学术报告厅（690㎡）),815,高清混合管理矩阵,台,1.0
820,多媒体会议系统（4F中型学术报告厅（690㎡）),816,4路 无缝 HDMI信号输入卡,台,3.0
821,多媒体会议系统（4F中型学术报告厅（690㎡）),817,4路 无缝 HDMI信号输出卡,台,3.0
822,多媒体会议系统（4F中型学术报告厅（690㎡）),818,综合运维控制平台,台,1.0
823,多媒体会议系统（4F中型学术报告厅（690㎡）),819,系统监测模块,套,1.0
824,多媒体会议系统（4F中型学术报告厅（690㎡）),820,日志及查询模块,套,1.0
825,多媒体会议系统（4F中型学术报告厅（690㎡）),821,资产管理模块,套,1.0
826,多媒体会议系统（4F中型学术报告厅（690㎡）),822,联网扩展模块（12口）,套,1.0
827,多媒体会议系统（4F中型学术报告厅（690㎡）),823,红外存储网络模块,套,1.0
828,多媒体会议系统（4F中型学术报告厅（690㎡）),824,网络电源控制器,台,1.0
829,多媒体会议系统（4F中型学术报告厅（690㎡）),825,智能电源监测管理器,套,1.0
830,多媒体会议系统（4F中型学术报告厅（690㎡）),826,路由器,套,1.0
831,多媒体会议系统（4F中型学术报告厅（690㎡）),827,230W 电动调焦静音LED电聚光灯,台,8.0
832,多媒体会议系统（4F中型学术报告厅（690㎡）),828,1288颗LED面板会议灯,台,8.0
833,多媒体会议系统（4F中型学术报告厅（690㎡）),829,1024CH DMX专业控制台,台,1.0
834,多媒体会议系统（4F中型学术报告厅（690㎡）),830,信号放大器(8路）,台,1.0
835,多媒体会议系统（4F中型学术报告厅（690㎡）),831,14路4KW电源直通箱,台,1.0
836,多媒体会议系统（4F中型学术报告厅（690㎡）),832,中央处理器,台,1.0
837,多媒体会议系统（4F中型学术报告厅（690㎡）),833,灯光辅材,项,1.0
838,多媒体会议系统（4F中型学术报告厅（690㎡）),834,信息地插,套,5.0
839,多媒体会议系统（4F中型学术报告厅（690㎡）),835,音箱地插,套,10.0
840,多媒体会议系统（4F中型学术报告厅（690㎡）),836,音箱线,m,1492.68
841,多媒体会议系统（4F中型学术报告厅（690㎡）),837,音频线,m,860.92
842,多媒体会议系统（4F中型学术报告厅（690㎡）),838,配线,m,860.92
843,多媒体会议系统（4F中型学术报告厅（690㎡）),839,配线,m,750.92
844,多媒体会议系统（4F中型学术报告厅（690㎡）),840,配线,m,750.92
845,多媒体会议系统（4F中型学术报告厅（690㎡）),841,网线,m,860.92
846,多媒体会议系统（4F中型学术报告厅（690㎡）),842,20米50欧成品线,条,3.0
847,多媒体会议系统（4F中型学术报告厅（690㎡）),843,30米50欧成品线,条,1.0
848,多媒体会议系统（4F中型学术报告厅（690㎡）),844,50米50欧成品线,条,2.0
849,多媒体会议系统（4F中型学术报告厅（690㎡）),845,HDMI2.0有源光缆,条,11.0
850,多媒体会议系统（4F中型学术报告厅（690㎡）),846,HDMI高清线,条,10.0
851,多媒体会议系统（4F中型学术报告厅（690㎡）),847,机柜,台,1.0
852,多媒体会议系统（4F中型学术报告厅（690㎡）),848,操作台,台,1.0
853,多媒体会议系统（5F会议室（37.1㎡）),849,会议一体机,台,1.0
854,多媒体会议系统（5F会议室（37.1㎡）),850,信息桌插,套,1.0
855,多媒体会议系统（5F多功能活动室（240㎡）),851,桌面式电容话筒,套,1.0
856,多媒体会议系统（5F多功能活动室（240㎡）),852,一拖二无线手持话筒,套,1.0
857,多媒体会议系统（5F多功能活动室（240㎡）),853,16路调音台,台,1.0
858,多媒体会议系统（5F多功能活动室（240㎡）),854,数字音频处理终端,台,1.0
859,多媒体会议系统（5F多功能活动室（240㎡）),855,数字音频处理软件,台,1.0
860,多媒体会议系统（5F多功能活动室（240㎡）),856,6*5寸音柱,只,2.0
861,多媒体会议系统（5F多功能活动室（240㎡）),857,双通道功率放大器,台,1.0
862,多媒体会议系统（5F多功能活动室（240㎡）),858,8寸辅助音箱,只,2.0
863,多媒体会议系统（5F多功能活动室（240㎡）),859,四通道功率放大器,台,1.0
864,多媒体会议系统（5F多功能活动室（240㎡）),860,返听音箱,只,2.0
865,多媒体会议系统（5F多功能活动室（240㎡）),861,双通道功率放大器,台,1.0
866,多媒体会议系统（5F多功能活动室（240㎡）),862,室内全彩LED显示屏,m2,27.0
867,多媒体会议系统（5F多功能活动室（240㎡）),863,二合一处理器,台,1.0
868,多媒体会议系统（5F多功能活动室（240㎡）),864,专用配电柜,台,1.0
869,多媒体会议系统（5F多功能活动室（240㎡）),865,工程线缆,套,1.0
870,多媒体会议系统（5F多功能活动室（240㎡）),866,大屏控制电脑,台,1.0
871,多媒体会议系统（5F多功能活动室（240㎡）),867,无线投屏器,台,1.0
872,多媒体会议系统（5F多功能活动室（240㎡）),868,USB发射器,台,1.0
873,多媒体会议系统（5F多功能活动室（240㎡）),869,高清混合管理矩阵,台,1.0
874,多媒体会议系统（5F多功能活动室（240㎡）),870,4路 无缝 HDMI信号输入卡,台,1.0
875,多媒体会议系统（5F多功能活动室（240㎡）),871,4路 无缝 HDMI信号输出卡,台,1.0
876,多媒体会议系统（5F多功能活动室（240㎡）),872,综合运维控制平台,台,1.0
877,多媒体会议系统（5F多功能活动室（240㎡）),873,系统监测模块,套,1.0
878,多媒体会议系统（5F多功能活动室（240㎡）),874,日志及查询模块,套,1.0
879,多媒体会议系统（5F多功能活动室（240㎡）),875,资产管理模块,套,1.0
880,多媒体会议系统（5F多功能活动室（240㎡）),876,联网扩展模块（12口）,套,1.0
881,多媒体会议系统（5F多功能活动室（240㎡）),877,网络电源控制器,台,1.0
882,多媒体会议系统（5F多功能活动室（240㎡）),878,智能电源监测管理器,套,1.0
883,多媒体会议系统（5F多功能活动室（240㎡）),879,路由器,套,1.0
884,多媒体会议系统（5F多功能活动室（240㎡）),880,信息地插,套,1.0
885,多媒体会议系统（5F多功能活动室（240㎡）),881,音箱线,m,176.0
886,多媒体会议系统（5F多功能活动室（240㎡）),882,音频线,m,88.0
887,多媒体会议系统（5F多功能活动室（240㎡）),883,配线,m,110.0
888,多媒体会议系统（5F多功能活动室（240㎡）),884,网线,m,110.0
889,多媒体会议系统（5F多功能活动室（240㎡）),885,HDMI2.0有源光缆,条,1.0
890,多媒体会议系统（5F多功能活动室（240㎡）),886,HDMI高清线,条,2.0
891,多媒体会议系统（5F多功能活动室（240㎡）),887,机柜,台,1.0
892,多媒体会议系统（6F无纸化智慧会议室（74.68㎡）),888,全数字化会议系统主机,台,1.0
893,多媒体会议系统（6F无纸化智慧会议室（74.68㎡）),889,嵌入式全数字化会议主席发言单元,套,1.0
894,多媒体会议系统（6F无纸化智慧会议室（74.68㎡）),890,嵌入式全数字化会议代表发言单元,套,15.0
895,多媒体会议系统（6F无纸化智慧会议室（74.68㎡）),891,话筒,套,16.0
896,多媒体会议系统（6F无纸化智慧会议室（74.68㎡）),892,20米延长网线专用线,条,2.0
897,多媒体会议系统（6F无纸化智慧会议室（74.68㎡）),893,转换电缆,条,2.0
898,多媒体会议系统（6F无纸化智慧会议室（74.68㎡）),894,接线地座,个,2.0
899,多媒体会议系统（6F无纸化智慧会议室（74.68㎡）),895,一拖二无线手持话筒,套,1.0
900,多媒体会议系统（6F无纸化智慧会议室（74.68㎡）),896,16路调音台,台,1.0
901,多媒体会议系统（6F无纸化智慧会议室（74.68㎡）),897,数字音频处理终端,台,1.0
902,多媒体会议系统（6F无纸化智慧会议室（74.68㎡）),898,数字音频处理软件,台,1.0
903,多媒体会议系统（6F无纸化智慧会议室（74.68㎡）),899,线性阵列扬声器,只,2.0
904,多媒体会议系统（6F无纸化智慧会议室（74.68㎡）),900,双通道功率放大器,台,1.0
905,多媒体会议系统（6F无纸化智慧会议室（74.68㎡）),901,吸顶音箱,台,4.0
906,多媒体会议系统（6F无纸化智慧会议室（74.68㎡）),902,双通道功率放大器,台,1.0
907,多媒体会议系统（6F无纸化智慧会议室（74.68㎡）),903,AI智能自动增益器,台,1.0
908,多媒体会议系统（6F无纸化智慧会议室（74.68㎡）),904,智能会议文件管理服务器,台,1.0
909,多媒体会议系统（6F无纸化智慧会议室（74.68㎡）),905,无纸化会议系统后台管理程序软件V1.0,套,1.0
910,多媒体会议系统（6F无纸化智慧会议室（74.68㎡）),906,投影申请服务器,台,1.0
911,多媒体会议系统（6F无纸化智慧会议室（74.68㎡）),907,全高清流媒体编码主机,台,1.0
912,多媒体会议系统（6F无纸化智慧会议室（74.68㎡）),908,有线网络千兆交换机,套,1.0
913,多媒体会议系统（6F无纸化智慧会议室（74.68㎡）),909,无纸化会议系统终端管理程序软件,套,16.0
914,多媒体会议系统（6F无纸化智慧会议室（74.68㎡）),910,智能会议升降一体终端,台,19.0
915,多媒体会议系统（6F无纸化智慧会议室（74.68㎡）),911,室内全彩LED显示屏,m2,8.29
916,多媒体会议系统（6F无纸化智慧会议室（74.68㎡）),912,二合一处理器,台,1.0
917,多媒体会议系统（6F无纸化智慧会议室（74.68㎡）),913,专用配电柜,台,1.0
918,多媒体会议系统（6F无纸化智慧会议室（74.68㎡）),914,工程线缆,套,1.0
919,多媒体会议系统（6F无纸化智慧会议室（74.68㎡）),915,大屏控制电脑,台,1.0
920,多媒体会议系统（6F无纸化智慧会议室（74.68㎡）),916,录播一体机,台,1.0
921,多媒体会议系统（6F无纸化智慧会议室（74.68㎡）),917,摄像机,台,2.0
922,多媒体会议系统（6F无纸化智慧会议室（74.68㎡）),918,视讯会议终端,台,1.0
923,多媒体会议系统（6F无纸化智慧会议室（74.68㎡）),919,硬件服务器,台,1.0
924,多媒体会议系统（6F无纸化智慧会议室（74.68㎡）),920,视频端口,个,10.0
925,多媒体会议系统（6F无纸化智慧会议室（74.68㎡）),921,软件视频会议配套设备,台,1.0
926,多媒体会议系统（6F无纸化智慧会议室（74.68㎡）),922,高清混合管理矩阵,台,1.0
927,多媒体会议系统（6F无纸化智慧会议室（74.68㎡）),923,4路 无缝 HDMI信号输入卡,台,2.0
928,多媒体会议系统（6F无纸化智慧会议室（74.68㎡）),924,4路 无缝 HDMI信号输出卡,台,2.0
929,多媒体会议系统（6F无纸化智慧会议室（74.68㎡）),925,综合运维控制平台,台,1.0
930,多媒体会议系统（6F无纸化智慧会议室（74.68㎡）),926,系统监测模块,套,1.0
931,多媒体会议系统（6F无纸化智慧会议室（74.68㎡）),927,日志及查询模块,套,1.0
932,多媒体会议系统（6F无纸化智慧会议室（74.68㎡）),928,资产管理模块,套,1.0
933,多媒体会议系统（6F无纸化智慧会议室（74.68㎡）),929,联网扩展模块（12口）,套,1.0
934,多媒体会议系统（6F无纸化智慧会议室（74.68㎡）),930,网络电源控制器,台,1.0
935,多媒体会议系统（6F无纸化智慧会议室（74.68㎡）),931,智能电源监测管理器,台,1.0
936,多媒体会议系统（6F无纸化智慧会议室（74.68㎡）),932,路由器,台,1.0
937,多媒体会议系统（6F无纸化智慧会议室（74.68㎡）),933,信息桌插,套,2.0
938,多媒体会议系统（6F无纸化智慧会议室（74.68㎡）),934,音箱线,m,220.0
939,多媒体会议系统（6F无纸化智慧会议室（74.68㎡）),935,音频线,m,110.0
940,多媒体会议系统（6F无纸化智慧会议室（74.68㎡）),936,配线,m,330.0
941,多媒体会议系统（6F无纸化智慧会议室（74.68㎡）),937,网线,m,330.0
942,多媒体会议系统（6F无纸化智慧会议室（74.68㎡）),938,HDMI2.0有源光缆,条,5.0
943,多媒体会议系统（6F无纸化智慧会议室（74.68㎡）),939,HDMI高清线,条,8.0
944,多媒体会议系统（6F无纸化智慧会议室（74.68㎡）),940,机柜,台,1.0
945,多媒体会议系统（6F会议室（41.36㎡）),941,会议一体机,台,1.0
946,多媒体会议系统（6F会议室（41.36㎡）),942,信息桌插,套,1.0
947,多媒体会议系统（6F会议室（41.36㎡）),943,专业会议室管理系统,台,1.0
948,多媒体会议系统（6F会议室（41.36㎡）),944,信息发布对接,台,1.0
949,多媒体会议系统（6F会议室（41.36㎡）),945,智慧医院会议总综合运维管理控制平台,台,1.0
950,多媒体会议系统（6F会议室（41.36㎡）),946,数据分析及报表模块,套,1.0
951,多媒体会议系统（6F会议室（41.36㎡）),947,资产管理模块,套,1.0
952,多媒体会议系统（6F会议室（41.36㎡）),948,分会议室数据备份模块,套,1.0
953,多媒体会议系统（6F会议室（41.36㎡）),949,平台对接接口开发,台,1.0
954,多媒体会议系统（6F会议室（41.36㎡）),950,总综合运维平台服务器,台,1.0
955,多媒体会议系统（OSCE考站（1间54㎡、3间40㎡、5间20㎡）),951,会议一体机,台,9.0
956,多媒体会议系统（OSCE考站（1间54㎡、3间40㎡、5间20㎡）),952,信息桌插,套,9.0
957,多媒体会议系统（2F考官会议室（108㎡）),953,会议一体机,台,1.0
958,多媒体会议系统（2F考官会议室（108㎡）),954,信息桌插,套,1.0
959,多媒体会议系统（4F会议室（17㎡）),955,会议一体机,台,1.0
960,多媒体会议系统（4F会议室（17㎡）),956,信息桌插,套,1.0
961,多媒体会议系统（10F多功能会议室（108㎡）),957,一拖二无线手持话筒,套,2.0
962,多媒体会议系统（10F多功能会议室（108㎡）),958,音视控一体机,台,1.0
963,多媒体会议系统（10F多功能会议室（108㎡）),959,音视控一体机管理软件,台,1.0
964,多媒体会议系统（10F多功能会议室（108㎡）),960,吸顶音箱,台,8.0
965,多媒体会议系统（10F多功能会议室（108㎡）),961,双通道功率放大器,台,1.0
966,多媒体会议系统（10F多功能会议室（108㎡）),962,电源时序器,台,1.0
967,多媒体会议系统（10F多功能会议室（108㎡）),963,路由器,套,1.0
968,多媒体会议系统（10F多功能会议室（108㎡）),964,会议一体机,台,1.0
969,多媒体会议系统（10F多功能会议室（108㎡）),965,信息桌插,套,2.0
970,多媒体会议系统（10F多功能会议室（108㎡）),966,音箱线,m,1.0
971,多媒体会议系统（10F多功能会议室（108㎡）),967,音频线,m,88.0
972,多媒体会议系统（10F多功能会议室（108㎡）),968,配线,m,110.0
973,多媒体会议系统（10F多功能会议室（108㎡）),969,网线,m,110.0
974,多媒体会议系统（10F多功能会议室（108㎡）),970,HDMI2.0有源光缆,条,1.0
975,多媒体会议系统（10F多功能会议室（108㎡）),971,机柜,台,1.0
976,多媒体会议系统（17F活动室（112㎡）),972,一拖二无线手持话筒,套,2.0
977,多媒体会议系统（17F活动室（112㎡）),973,音视控一体机,台,1.0
978,多媒体会议系统（17F活动室（112㎡）),974,吸顶音箱,台,8.0
979,多媒体会议系统（17F活动室（112㎡）),975,电源时序器,台,1.0
980,多媒体会议系统（17F活动室（112㎡）),976,会议一体机,台,1.0
981,多媒体会议系统（17F活动室（112㎡）),977,信息墙插,套,1.0
982,多媒体会议系统（17F活动室（112㎡）),978,机柜,台,1.0
983,多媒体会议系统（行政楼1-2F教育考试广播系统),979,网络广播中心,套,1.0
984,多媒体会议系统（行政楼1-2F教育考试广播系统),980,北斗校时终端,台,1.0
985,多媒体会议系统（行政楼1-2F教育考试广播系统),981,播放器,台,1.0
986,多媒体会议系统（行政楼1-2F教育考试广播系统),982,调谐器,台,1.0
987,多媒体会议系统（行政楼1-2F教育考试广播系统),983,网络化智能寻呼站,台,1.0
988,多媒体会议系统（行政楼1-2F教育考试广播系统),984,网络化室内音箱,台,1.0
989,多媒体会议系统（行政楼1-2F教育考试广播系统),985,三十二路消防联动网络模块,套,1.0
990,多媒体会议系统（行政楼1-2F教育考试广播系统),986,电源时序器,台,1.0
991,多媒体会议系统（行政楼1-2F教育考试广播系统),987,机柜,台,1.0
992,多媒体会议系统（行政楼1-2F教育考试广播系统),988,网络化壁挂终端,台,25.0
993,多媒体会议系统（行政楼1-2F教育考试广播系统),989,天花扬声器,台,57.0
994,多媒体会议系统（行政楼1-2F教育考试广播系统),990,网络化数字功放,台,3.0
995,多媒体会议系统（行政楼1-2F教育考试广播系统),991,音频连接线,条,4.0
996,多媒体会议系统（行政楼1-2F教育考试广播系统),992,音频连接线,条,2.0
997,多媒体会议系统（行政楼1-2F教育考试广播系统),993,音频连接线,条,1.0
998,多媒体会议系统（行政楼1-2F教育考试广播系统),994,配线,m,707.52
999,多媒体会议系统（行政楼1-2F教育考试广播系统),995,配线,m,5452.0
1000,信息导引及发布系统,996,室内全彩LED显示屏,m2,9.22
1001,信息导引及发布系统,997,二合一处理器,台,1.0
1002,信息导引及发布系统,998,专用配电柜,台,1.0
1003,信息导引及发布系统,999,工程线缆,套,1.0
1004,信息导引及发布系统,1000,嵌入式工控机,台,1.0
1005,信息导引及发布系统,1001,室内全彩LED显示屏,m2,9.22
1006,信息导引及发布系统,1002,二合一处理器,台,1.0
1007,信息导引及发布系统,1003,专用配电柜,台,1.0
1008,信息导引及发布系统,1004,工程线缆,套,1.0
1009,信息导引及发布系统,1005,嵌入式工控机,台,1.0
1010,信息导引及发布系统,1006,室内全彩LED显示屏,m2,4.84
1011,信息导引及发布系统,1007,二合一处理器,台,1.0
1012,信息导引及发布系统,1008,专用配电柜,台,1.0
1013,信息导引及发布系统,1009,一楼门厅大屏2工程线缆,套,1.0
1014,信息导引及发布系统,1010,嵌入式工控机,台,1.0
1015,信息导引及发布系统,1011,网络液晶一体机,台,147.0
1016,信息导引及发布系统,1012,网络液晶一体机,台,7.0
1017,信息导引及发布系统,1013,网络液晶一体机,台,5.0
1018,信息导引及发布系统,1014,网络液晶一体机,台,2.0
1019,信息导引及发布系统,1015,触摸液晶一体机,台,2.0
1020,信息导引及发布系统,1016,15.6寸信息发布一体机,台,42.0
1021,信息导引及发布系统,1017,数字信息云发布系统,套,1.0
1022,信息导引及发布系统,1018,电脑工作站（含显示器）,台,1.0
1023,信息导引及发布系统,1019,医生排班显示系统软件,套,1.0
1024,信息导引及发布系统,1020,触摸查询系统模块,套,1.0
1025,信息导引及发布系统,1021,终端显示软件,套,208.0
1026,消防安防控制室,1022,安防设备机柜基座,套,8.0
1027,消防安防控制室,1023,电视墙基座,套,1.0
1028,消防安防控制室,1024,UPS电池基座,套,1.0
1029,消防安防控制室,1025,操作台基座,套,1.0
1030,消防安防控制室,1026,消防机柜基座,套,1.0
1031,消防安防控制室,1027,LED平板灯,套,17.0
1032,消防安防控制室,1028,三联翘板开关,个,1.0
1033,消防安防控制室,1029,双联翘板开关,个,1.0
1034,消防安防控制室,1030,插座,个,14.0
1035,消防安防控制室,1031,插座,个,2.0
1036,消防安防控制室,1032,插座,个,1.0
1037,消防安防控制室,1033,等电位接地端子箱,个,2.0
1038,消防安防控制室,1034,接地铜排,米,72.0
1039,消防安防控制室,1035,等电位联结网络,米,420.0
1040,消防安防控制室,1036,管理电脑,台,1.0
1041,消防安防控制室,1037,联弧形控制台,台,1.0
1042,消防安防控制室,1038,服务器机柜,台,8.0
1043,消防安防控制室,1039,8位PDU,个,8.0
1044,消防安防控制室,1040,安防 30KVA-塔式UPS主机,套,1.0
1045,消防安防控制室,1041,安防 蓄电池,个,64.0
1046,消防安防控制室,1042,安防 蓄电池在线监测仪,台,1.0
1047,消防安防控制室,1043,安防 电池架,套,2.0
1048,消防安防控制室,1044,其他,套,1.0
1049,消防安防控制室,1045,市电双电源箱,台,1.0
1050,消防安防控制室,1046,UPS出线箱,台,1.0
1051,消防安防控制室,1047,UPS二级配电箱,台,7.0
1052,消防安防控制室,1048,配电线缆,m,390.0
1053,消防安防控制室,1049,配电线缆,m,1216.8
1054,消防安防控制室,1050,配电线缆,m,774.8
1055,消防安防控制室,1051,配电线缆,m,26.0
1056,消防安防控制室,1052,配电线缆,m,650.0
1057,消防安防控制室,1053,配电线缆,m,130.0
1058,消防安防控制室,1054,配电线缆,m,390.0
1059,消防安防控制室,1055,配电线缆,m,260.0
1060,消防安防控制室,1056,3P柜机空调,台,3.0
1061,消防安防控制室,1057,5P三相空调,台,1.0
1062,汇集机房,1058,设备机柜基座,套,22.0
1063,汇集机房,1059,LED平板灯,套,10.0
1064,汇集机房,1060,双联翘板开关,个,5.0
1065,汇集机房,1061,等电位接地端子箱,个,5.0
1066,汇集机房,1062,接地铜排,米,50.0
1067,汇集机房,1063,等电位联结网络,米,240.0
1068,汇集机房,1064,市电双电源箱,台,4.0
1069,汇集机房,1065,UPS二级配电箱,台,11.0
1070,汇集机房,1066,配电线缆,m,130.0
1071,汇集机房,1067,配电线缆,m,650.0
1072,汇集机房,1068,配电线缆,m,650.0
1073,汇集机房,1069,配电线缆,m,260.0
1074,汇集机房,1070,2P壁挂空调,台,7.0
1075,神经内科机房,1071,安防设备机柜基座,套,2.0
1076,神经内科机房,1072,LED平板灯,套,3.0
1077,神经内科机房,1073,双联翘板开关,个,1.0
1078,神经内科机房,1074,等电位接地端子箱,个,1.0
1079,神经内科机房,1075,接地铜排,米,24.0
1080,神经内科机房,1076,等电位联结网络,米,120.0
1081,神经内科机房,1077,UPS出线箱,台,1.0
1082,神经内科机房,1078,配电线缆,m,1216.8
1083,神经内科机房,1079,配电线缆,m,241.28
1084,神经内科机房,1080,精密空调,台,1.0
1085,神经内科机房,1081,3P柜机空调,台,3.0
1086,神经内科监控室,1082,安防设备机柜基座,套,1.0
1087,神经内科监控室,1083,LED平板灯,套,3.0
1088,神经内科监控室,1084,双联翘板开关,个,1.0
1089,神经内科监控室,1085,等电位接地端子箱,个,1.0
1090,神经内科监控室,1086,接地铜排,米,24.0
1091,神经内科监控室,1087,等电位联结网络,米,144.0
1092,神经内科监控室,1088,3P柜机空调,台,1.0
1093,运维机房,1089,LED平板灯,套,12.0
1094,运维机房,1090,双联翘板开关,个,5.0
1095,运维机房,1091,等电位接地端子箱,个,5.0
1096,运维机房,1092,接地铜排,米,60.0
1097,运维机房,1093,等电位联结网络,米,240.0
1098,运维机房,1094,管理电脑,台,2.0
1099,运维机房,1095,控制台,台,1.0
1100,运维机房,1096,机柜PDU,个,2.0
1101,运维机房,1097,服务器机柜,台,2.0
1102,运维机房,1098,机房LED大屏,m2,21.6
1103,运维机房,1099,二合一处理器,台,1.0
1104,运维机房,1100,专用配电柜,台,1.0
1105,运维机房,1101,安装支架,套,1.0
1106,运维机房,1102,工程线缆,套,1.0
1107,运维机房,1103,市电双电源箱,台,1.0
1108,运维机房,1104,配电线缆,m,180.0
1109,运维机房,1105,配电线缆,m,180.0
1110,运维机房,1106,配电线缆,m,20.0
1111,数据机房,1107,LED平板灯,套,41.0
1112,数据机房,1108,LED平板灯（应急）,套,33.0
1113,数据机房,1109,安全出口门指示灯,套,7.0
1114,数据机房,1110,应急双头灯,套,15.0
1115,数据机房,1111,插座,个,34.0
1116,数据机房,1112,防爆型墙面维护五孔插座,个,14.0
1117,数据机房,1113,双联翘板开关,个,8.0
1118,数据机房,1114,防爆型双联翘板开关,个,2.0
1119,数据机房,1115,设备底座,套,116.0
1120,数据机房,1116,蓄电池组底座,套,8.0
1121,数据机房,1117,UPS输入柜A,台,1.0
1122,数据机房,1118,UPS输入柜B,台,1.0
1123,数据机房,1119,A路UPS输出柜,台,1.0
1124,数据机房,1120,B路UPS输出柜,台,1.0
1125,数据机房,1121,A路市电柜,台,1.0
1126,数据机房,1122,模组精密配电柜,台,3.0
1127,数据机房,1123,市电电源箱,台,1.0
1128,数据机房,1124,应急配电箱,台,1.0
1129,数据机房,1125,UPS主机,套,2.0
1130,数据机房,1126,蓄电池在线监测仪,台,1.0
1131,数据机房,1127,功率模块,个,12.0
1132,数据机房,1128,免维护铅酸蓄电池（含连接铜牌）,个,320.0
1133,数据机房,1129,安防 电池架,套,8.0
1134,数据机房,1130,电池汇流箱,台,2.0
1135,数据机房,1131,直流母线,m,400.0
1136,数据机房,1132,防漏液隔离板,项,1.0
1137,数据机房,1133,电力电缆,m,465.2
1138,数据机房,1134,电力电缆,m,128.0
1139,数据机房,1135,电力电缆,m,820.0
1140,数据机房,1136,电力电缆,m,70.0
1141,数据机房,1137,电力电缆,m,90.0
1142,数据机房,1138,电力电缆,m,2035.2
1143,数据机房,1139,配电线缆,m,1928.25
1144,数据机房,1140,网格桥架（强电）,m,60.0
1145,数据机房,1141,网格桥架（强电）,m,10.0
1146,数据机房,1142,网格桥架（弱电）,m,10.0
1147,数据机房,1143,桥架支架,kg,50.0
1148,数据机房,1144,等电位接地端子箱,个,2.0
1149,数据机房,1145,接地铜排,米,410.0
1150,数据机房,1146,接地母线,m,60.0
1151,数据机房,1147,接地母线,m,300.0
1152,数据机房,1148,接地母线,m,300.0
1153,数据机房,1149,列间空调（室内外机）,台,15.0
1154,数据机房,1150,精密空调,台,2.0
1155,数据机房,1151,吊顶式洁净新风机,台,2.0
1156,数据机房,1152,吊顶式洁净新风机,台,1.0
1157,数据机房,1153,防火阀,个,1.0
1158,数据机房,1154,防火阀（含支架）,个,2.0
1159,数据机房,1155,防火阀,个,1.0
1160,数据机房,1156,碳钢通风管道,m2,85.0
1161,数据机房,1157,碳钢风口、散流器、百叶窗,个,12.0
1162,数据机房,1158,碳钢风口、散流器、百叶窗,个,2.0
1163,数据机房,1159,碳钢风口、散流器、百叶窗,个,1.0
1164,数据机房,1160,轴流排风机,台,2.0
1165,数据机房,1161,轴流排风机,台,1.0
1166,数据机房,1162,排烟阀,个,2.0
1167,数据机房,1163,排烟阀,个,1.0
1168,数据机房,1164,碳钢通风管道,m2,20.0
1169,数据机房,1165,碳钢风口、散流器、百叶窗,个,3.0
1170,数据机房,1166,碳钢风口、散流器、百叶窗,个,1.0
1171,数据机房,1167,碳钢风口、散流器、百叶窗,个,2.0
1172,数据机房,1168,碳钢风口、散流器、百叶窗,个,1.0
1173,数据机房,1169,控制箱,台,1.0
1174,数据机房,1170,服务器机柜,台,84.0
1175,数据机房,1171,精密配电柜,套,3.0
1176,数据机房,1172,机柜侧门,块,24.0
1177,数据机房,1173,固定层板,块,168.0
1178,数据机房,1174,L型导轨,对,84.0
1179,数据机房,1175,竖直扎线板,对,84.0
1180,数据机房,1176,1U盲板,条,840.0
1181,数据机房,1177,2U盲板,条,420.0
1182,数据机房,1178,1U水平理线器,个,84.0
1183,数据机房,1179,智能PDU,条,168.0
1184,数据机房,1180,自动平移门,套,3.0
1185,数据机房,1181,M型理线槽,套,102.0
1186,数据机房,1182,钢化玻璃磁力翻转天窗（1200宽通道）,套,45.0
1187,数据机房,1183,钣金盲天窗（1200宽通道）,套,6.0
1188,数据机房,1184,灯具,套,3.0
1189,数据机房,1185,顶部围板,条,102.0
1190,数据机房,1186,安全出口指示牌,块,6.0
1191,数据机房,1187,扩展控制模块,台,3.0
1192,数据机房,1188,条形屏,块,3.0
1193,数据机房,1189,人体感应器,套,3.0
1194,数据机房,1190,监控主机,台,3.0
1195,数据机房,1191,接口卡32G SD卡,台,3.0
1196,数据机房,1192,声光报警器,套,3.0
1197,数据机房,1193,电话语音模块4G,个,3.0
1198,数据机房,1194,温湿度,个,9.0
1199,数据机房,1195,烟雾传感器,个,6.0
1200,数据机房,1196,水浸控制器,台,15.0
1201,数据机房,1197,非定位感应线5M,条,15.0
1202,数据机房,1198,红外网络半球摄像机,套,6.0
1203,数据机房,1199,8路硬盘录像机,套,3.0
1204,数据机房,1200,2TB监控级硬盘,个,3.0
1205,数据机房,1201,指纹门禁终端,台,6.0
1206,数据机房,1202,IC卡,张,15.0
1207,数据机房,1203,触摸电脑一体机,台,3.0
1208,数据机房,1204,24口千兆POE交换机,个,3.0
1209,数据机房,1205,12V5A电源,个,3.0
1210,数据机房,1206,3D可视化平台,套,1.0
1211,数据机房,1207,3D可视化建模,套,1.0
1212,数据机房,1208,3D可视化大屏子模块,套,1.0
1213,数据机房,1209,容量可视化管理子系统,套,1.0
1214,数据机房,1210,资产可视化管理子系统,套,1.0
1215,数据机房,1211,温度云图子模块,套,1.0
1216,数据机房,1212,运维巡检管理子模块,套,1.0
1217,数据机房,1213,能效管理子模块,套,1.0
1218,数据机房,1214,综合告警平台子系统,套,1.0
1219,数据机房,1215,综合报表管理子系统,套,1.0
1220,数据机房,1216,报警管理子模块,套,1.0
1221,数据机房,1217,微模块动环接入子模块,套,3.0
1222,数据机房,1218,一体化监控主机,套,1.0
1223,数据机房,1219,电话语音报警主机,套,1.0
1224,数据机房,1220,4G短信模块,台,1.0
1225,数据机房,1221,温湿度传感器,个,28.0
1226,数据机房,1222,不定位漏水控制器,套,2.0
1227,数据机房,1223,不定位漏水感应线,条,2.0
1228,数据机房,1224,精密空调监测接口模块,个,2.0
1229,数据机房,1225,UPS监测接口模块,个,2.0
1230,数据机房,1226,配电监测接口模块,个,5.0
1231,数据机房,1227,CPU感应卡,张,30.0
1232,数据机房,1228,门禁一体机,台,6.0
1233,数据机房,1229,出门按钮,个,2.0
1234,数据机房,1230,防爆型出门按钮,个,2.0
1235,数据机房,1231,双门磁力锁,台,6.0
1236,数据机房,1232,门禁系统监测接口软件,个,1.0
1237,数据机房,1233,网络摄像机,台,10.0
1238,数据机房,1234,防爆枪式摄像机,台,3.0
1239,数据机房,1235,录像机,台,1.0
1240,数据机房,1236,硬盘,块,4.0
1241,数据机房,1237,视频监测接口软件,个,1.0
1242,数据机房,1238,蓄电池收敛模块,个,3.0
1243,数据机房,1239,采集单模块,个,422.0
1244,数据机房,1240,蓄电池组电流测量模块,个,10.0
1245,数据机房,1241,霍尔传感器,个,10.0
1246,数据机房,1242,七氟丙烷储存瓶组,瓶组,21.0
1247,数据机房,1243,驱动气体瓶组,瓶组,3.0
1248,数据机房,1244,集流管,段,24.0
1249,数据机房,1245,不锈钢高压软管,根,21.0
1250,数据机房,1246,液流单向阀,只,21.0
1251,数据机房,1247,信号反馈装置,个,3.0
1252,数据机房,1248,安全泄放装置,套,1.0
1253,数据机房,1249,低泄高封阀,只,4.0
1254,数据机房,1250,气体单向阀,只,5.0
1255,数据机房,1251,驱动气体控制管路,段,24.0
1256,数据机房,1252,七氟丙烷储存瓶组架,套,21.0
1257,数据机房,1253,驱动气体瓶组瓶架,套,3.0
1258,数据机房,1254,选择阀,个,1.0
1259,数据机房,1255,选择阀,个,1.0
1260,数据机房,1256,选择阀,个,1.0
1261,数据机房,1257,喷嘴（内丝）,个,19.0
1262,数据机房,1258,选择阀出口管件,个,1.0
1263,数据机房,1259,选择阀出口管件,个,1.0
1264,数据机房,1260,选择阀出口管件,个,1.0
1265,数据机房,1261,泄压口,个,1.0
1266,数据机房,1262,泄压口,个,1.0
1267,数据机房,1263,泄压口,个,2.0
1268,数据机房,1264,标识牌,个,4.0
1269,数据机房,1265,高压无缝管,m,24.0
1270,数据机房,1266,高压无缝管,m,12.0
1271,数据机房,1267,高压无缝管,m,12.0
1272,数据机房,1268,高压无缝管,m,61.0
1273,数据机房,1269,高压无缝管,m,18.0
1274,数据机房,1270,高压无缝管,m,60.0
1275,数据机房,1271,管道支托架制作、安装,kg,202.0
1276,数据机房,1272,点型光电感烟火灾探测器,个,13.0
1277,数据机房,1273,点型感温火灾探测器,个,25.0
1278,数据机房,1274,火灾声光警报器,个,38.0
1279,数据机房,1275,输入输出模块,个,6.0
1280,数据机房,1276,总线短路隔离器,个,3.0
1281,数据机房,1277,火灾报警电源箱,台,1.0
1282,数据机房,1278,火灾报警主机（壁挂）,台,1.0
1283,数据机房,1279,气体灭火控制器（壁挂）,台,1.0
1284,数据机房,1280,气体释放警报器,个,5.0
1285,数据机房,1281,紧急启停按钮,个,5.0
1286,数据机房,1282,配管,m,269.01
1287,数据机房,1283,配线,m,177.64
1288,数据机房,1284,配线,m,369.4
1289,数据机房,1285,一体化监控主机,套,13.0
1290,数据机房,1286,温湿度传感器,个,94.0
1291,数据机房,1287,不定位漏水控制器,套,94.0
1292,数据机房,1288,不定位漏水感应线,条,94.0
1293,数据机房,1289,2P壁挂空调,台,5.0
1294,数据机房,1290,5P三相空调,台,1.0
1295,数据机房,1291,SVAC半球高清网络摄像机,台,10.0
1296,数据机房,1292,安全智能视频一体化服务系统,台,1.0
1297,数据机房,1293,USBkey,台,2.0
1298,数据机房,1294,数字证书,台,20.0
1299,数据机房,1295,国密安全门禁系统门禁机,台,4.0
1300,数据机房,1296,安全门禁读卡器,台,6.0
1301,数据机房,1297,IC卡,张,50.0
1302,数据机房,1298,后台登录读卡器,台,1.0
1303,数据机房,1299,门禁管理后台一体机,台,1.0
1304,数据机房,1300,门禁控制器1路,台,4.0
1305,数据机房,1301,门禁控制器2路,台,3.0
1306,数据机房,1302,开门按钮,个,10.0
1307,数据机房,1303,闭门器,台,8.0
1308,数据机房,1304,双门磁力锁,台,4.0
1309,数据机房,1305,24口POE交换机,台,2.0
1310,数据机房,1306,客户端电脑,台,1.0
1311,数据机房,1307,万兆OM4多模24芯MPO-MPO-5米,条,6.0
1312,数据机房,1308,万兆OM4多模24芯MPO-MPO-6米,条,12.0
1313,数据机房,1309,万兆OM4多模24芯MPO-MPO-8米,条,12.0
1314,数据机房,1310,万兆OM4多模24芯MPO-MPO-9米,条,6.0
1315,数据机房,1311,万兆OM4多模24芯MPO-MPO-10米,条,12.0
1316,数据机房,1312,万兆OM4多模24芯MPO-MPO-12米,条,12.0
1317,数据机房,1313,万兆OM4多模24芯MPO-MPO-13米,条,16.0
1318,数据机房,1314,万兆OM4多模24芯MPO-MPO-14米,条,3.0
1319,数据机房,1315,万兆OM4多模24芯MPO-MPO-15米,条,3.0
1320,数据机房,1316,万兆OM4多模24芯MPO-MPO-16米,条,3.0
1321,数据机房,1317,1U高密度配线箱,个,105.0
1322,数据机房,1318,24芯多模MPO-LC光模组 OM4,个,170.0
1323,数据机房,1319,3米万兆OM4多模双芯LC-LC光纤跳线,条,1560.0
1324,数据机房,1320,高密度模组面板（盲板）,个,250.0
1325,数据机房,1321,24口六类屏蔽配线架,个,123.0
1326,数据机房,1322,1U封闭翻盖式理线架,个,123.0
1327,数据机房,1323,2米六A类非屏蔽RJ45跳线,条,1944.0
1328,机房数据库安全存储,1324,线路交换机,台,2.0
1329,机房数据库安全存储,1325,下一代防火墙,台,2.0
1330,机房数据库安全存储,1326,IPS,台,2.0
1331,机房数据库安全存储,1327,探针,套,1.0
1332,机房数据库安全存储,1328,堡垒机,套,1.0
1333,机房数据库安全存储,1329,全局负载均衡,台,2.0
1334,机房数据库安全存储,1330,零信任,套,1.0
1335,机房数据库安全存储,1331,Web防火墙（WAF）,台,2.0
1336,机房数据库安全存储,1332,网络核心交换机,套,2.0
1337,机房数据库安全存储,1333,业务交换机,套,2.0
1338,机房数据库安全存储,1334,后端融合交换机,套,2.0
1339,机房数据库安全存储,1335,管理交换机,套,2.0
1340,机房数据库安全存储,1336,外网超融合集群（全闪）,台,6.0
1341,机房数据库安全存储,1337,外网超融合集群（虚拟化）,台,12.0
1342,机房数据库安全存储,1338,隔离防火墙（网闸）,台,2.0
1343,机房数据库安全存储,1339,文件摆渡系统,套,1.0
1344,机房数据库安全存储,1340,专线防火墙专线IPS,台,2.0
1345,机房数据库安全存储,1341,线路交换机,台,2.0
1346,机房数据库安全存储,1342,数据中心核心交换机,套,2.0
1347,机房数据库安全存储,1343,数据中心接入交换机,套,12.0
1348,机房数据库安全存储,1344,后端融合交换机,套,6.0
1349,机房数据库安全存储,1345,管理交换机,套,2.0
1350,机房数据库安全存储,1346,镜像交换机,套,2.0
1351,机房数据库安全存储,1347,数据安全综合治理平台,套,1.0
1352,机房数据库安全存储,1348,网络安全检测响应平台,套,1.0
1353,机房数据库安全存储,1349,探针,套,2.0
1354,机房数据库安全存储,1350,数据库审计,套,1.0
1355,机房数据库安全存储,1351,内网超融合（混闪-应用-硬件）,台,16.0
1356,机房数据库安全存储,1352,内网超融合（混闪-应用-虚拟化）,台,32.0
1357,机房数据库安全存储,1353,内网高性能超融合（全闪-应用-硬件）,台,12.0
1358,机房数据库安全存储,1354,内网高性能超融合（全闪-应用-软件）,台,24.0
1359,机房数据库安全存储,1355,HIS&EMR数据库服务器,台,2.0
1360,机房数据库安全存储,1356,PACS数据库服务器,台,2.0
1361,机房数据库安全存储,1357,集成平台数据库一体机,套,1.0
1362,机房数据库安全存储,1358,数据库存储【HIS/EMR/PACS/集成平台】,台,2.0
1363,机房数据库安全存储,1359,网络交换机,台,2.0
1364,机房数据库安全存储,1360,物理服务器,台,6.0
1365,机房数据库安全存储,1361,PACS影像分布式存储集群【全闪】,套,2.0
1366,机房数据库安全存储,1362,PACS影像分布式存储集群【混闪】,套,6.0
1367,机房数据库安全存储,1363,容灾备份一体机,台,1.0
1368,机房数据库安全存储,1364,光盘塔【离线存储】,套,1.0
1369,机房数据库安全存储,1365,运维管理平台,套,1.0
1370,机房数据库安全存储,1366,服务器操作系统,套,15.0
1371,机房数据库安全存储,1367,准入系统,套,1.0
1372,综合调试（测试）,1368,软、硬件调试（测试）费用,项,1.0
1373,室分系统,1369,吸顶天线,副,2707.0
1374,室分系统,1370,对数周期天线,副,271.0
1375,室分系统,1371,壁挂天线,副,293.0
1376,室分系统,1372,二功分器,个,1190.0
1377,室分系统,1373,三功分器,个,10.0
1378,室分系统,1374,耦合器5db,个,420.0
1379,室分系统,1375,耦合器7db,个,480.0
1380,室分系统,1376,耦合器10db,个,394.0
1381,室分系统,1377,耦合器12dB,个,103.0
1382,室分系统,1378,耦合器15db,个,348.0
1383,室分系统,1379,耦合器20db,个,70.0
1384,室分系统,1380,耦合器25db,个,7.0
1385,室分系统,1381,射频同轴电缆1/2,m,37291.7
1386,室分系统,1382,1/2馈线N公头,个,13860.0
1387,室分系统,1383,射频同轴电缆7/8,m,2292.0
1388,室分系统,1384,7/8馈线N公头,个,396.0
1389,室分系统,1385,接头,个,4054.0
1390,室分系统,1386,PVC阻燃管DN25,m,4560.0
1391,室分系统,1387,PVC阻燃管DN40,m,60.0
1392,室分系统,1388,配电箱,台,20.0
1393,室分系统,1389,接地线,m,1224.0
1394,室分系统,1390,接地母线,m,3060.0
1395,室分系统,1391,接地线,m,61.2
1396,室分系统,1392,光纤分纤箱,块,20.0
1397,室分系统,1393,24芯光缆,m,4048.8
1398,室分系统,1394,尾纤,条,490.0
1399,室分系统,1395,机柜720芯,台,1.0
1400,室分系统,1396,配管,m,131.04
1401,室分系统,1397,配管,m,524.16
1402,室分系统,1398,砖检查井,座,3.0
1403,室分系统,1399,通信用室外光缆,m,505.2
1404,室分系统,1400,通信用室外光缆,m,3462.0
1405,室分系统,1401,通信用室外光缆,m,208.8
1406,室分系统,1402,通信用室外光缆,m,420.0
1407,室分系统,1403,通信用室外光缆,m,1976.4
1408,室分系统,1404,单芯适配器,块,2765.0
1409,室分系统,1405,机柜720芯,台,4.0
1410,室分系统,1406,光纤分纤箱,块,73.0
1411,室分系统,1407,光缆终端盒,个,4.0
1412,室分系统,1408,光缆终端盒,个,9.0
1413,室分系统,1409,接地线,m,219.0
1414,室分系统,1410,接地线,m,60.0
1415,室分系统,1411,接地线,m,60.0
1416,室分系统,1412,接地铜排,米,10.0
1417,室分系统,1413,镀锌弱电桥架400*200,m,18.0
1418,室分系统,1414,灭火器（箱）,套,1.0
1419,室分系统,1415,挡水墙,套,1.0
1420,室分系统,1416,光纤尾纤,条,3528.0
1421,（未标注）,,合  计,,0.0
