section,group,seq,name,unit,qty,model,alias,price,total
,,11,电源时序器,台,2,EC-PNC809,8路网络时序电源,903,1806
,,12,辅材,项,2,,,,0
三、1F培训教室（三）（155.92㎡）,,12,电源时序器,台,1,EC-PNC809,8路网络时序电源,903,903
三、1F培训教室（三）（155.92㎡）,,10,8进8出HDMI 4K无缝矩阵,台,1,高清矩阵8路,EMeta-JZ-M0808S,1720,1720
四、1F智慧教室（157.19㎡）,,8,电源时序器,台,1,EC-PNC809,8路网络时序电源,903,903
四、1F智慧教室（157.19㎡）,,8,8进8出HDMI 4K无缝矩阵,台,1,高清矩阵8路,EMeta-JZ-M0808S,1720,1720
七、2F多功能培训室（149.11㎡）,,7,电源时序器,台,1,EC-PNC809,8路网络时序电源,903,903
七、2F多功能培训室（149.11㎡）,,11,8进8出HDMI 4K无缝矩阵,台,1,高清矩阵8路,EMeta-JZ-M0808S,1720,1720
十二、3F会议室（一）（173㎡）,会议发言扩声系统,7,电源时序器,台,1,EC-PNC809,8路网络时序电源,903,903
十三、3F会议室（二）（87.12㎡）,,9,电源时序器,台,1,EC-PNC809,8路网络时序电源,903,903
十四、3F会议室（三）（88.56㎡）,,9,电源时序器,台,1,EC-PNC809,8路网络时序电源,903,903
十五、3F多功能厅（338㎡）,信号管理综合运维管理系统,1,高清混合管理矩阵,台,1,智能插卡中控主机,EMeta-WL5000,5060,5060
十五、3F多功能厅（338㎡）,信号管理综合运维管理系统,2,4路 无缝 HDMI信号输入卡,块,2,插卡中控-4路输入4路输出卡,EMeta-WL5000-RH,820,1640
十五、3F多功能厅（338㎡）,信号管理综合运维管理系统,3,4路 无缝 HDMI信号输出卡,块,3,插卡中控-4路输入4路输出卡,EMeta-WL5000-RH,820,2460
十五、3F多功能厅（338㎡）,信号管理综合运维管理系统,4,综合运维控制平台,台,1,插卡中控-核心板,EMeta-WL5000-CORE,1620,1620
十五、3F多功能厅（338㎡）,信号管理综合运维管理系统,5,系统监测模块,套,1,,定制,5000,5000
十五、3F多功能厅（338㎡）,信号管理综合运维管理系统,6,日志及查询模块,套,1,,定制,5000,5000
十五、3F多功能厅（338㎡）,信号管理综合运维管理系统,7,资产管理模块,套,1,,定制,5000,5000
十五、3F多功能厅（338㎡）,信号管理综合运维管理系统,8,联网扩展模块（12口）,个,1,八串口服务器,EMeta-RS6608,1520,1520
十五、3F多功能厅（338㎡）,信号管理综合运维管理系统,9,红外存储网络模块,台,3,网络八路红外扩展器,EMeta-IR-8RJ45,610,1830
十五、3F多功能厅（338㎡）,信号管理综合运维管理系统,10,网络电源控制器,台,1,8路网络继电器,EMeta-REL08-1U,998,998
十五、3F多功能厅（338㎡）,信号管理综合运维管理系统,11,智能电源监测管理器,台,2,21路智能时序电源,EMeta-PNC218,2040,4080
十五、3F多功能厅（338㎡）,信号管理综合运维管理系统,12,平板,台,1,,,,0
十五、3F多功能厅（338㎡）,信号管理综合运维管理系统,13,路由器,台,1,,,,0
十六、4F会议室（一）（200㎡）,,9,电源时序器,台,1,EC-PNC809,8路网络时序电源,903,903
十七、4F无纸化智慧会议室（127.22㎡）,会议发言扩声系统,1,全数字化会议系统主机,台,1,EM-PM-CHM9,数字会议主机,1960,1960
十七、4F无纸化智慧会议室（127.22㎡）,会议发言扩声系统,2,嵌入式全数字化会议主席发言单元,台,1,EM-PM-CHM9T1,升降器数字会议话筒,320,320
十七、4F无纸化智慧会议室（127.22㎡）,会议发言扩声系统,3,嵌入式全数字化会议代表发言单元,台,25,EM-PM-CHM9T1,升降器数字会议话筒,320,8000
十七、4F无纸化智慧会议室（127.22㎡）,会议发言扩声系统,4,话筒杆,支,26,,,,0
十七、4F无纸化智慧会议室（127.22㎡）,会议发言扩声系统,5,20米延长网线专用线,条,2,,,230,460
十七、4F无纸化智慧会议室（127.22㎡）,会议发言扩声系统,6,转换电缆,条,2,,,,0
十七、4F无纸化智慧会议室（127.22㎡）,会议发言扩声系统,7,接线地座,个,2,,,,0
十七、4F无纸化智慧会议室（127.22㎡）,无纸化系统（双显）,1,智能会议文件管理服务器,台,1,无纸化会议系统服务器,EMeta-PMS220,5660,5660
十七、4F无纸化智慧会议室（127.22㎡）,无纸化系统（双显）,2,无纸化会议系统后台管理程序软件,套,1,无纸化会议系统,EMeta-PMS,3000,3000
十七、4F无纸化智慧会议室（127.22㎡）,无纸化系统（双显）,3,投影申请服务器,台,1,信号输出控制器,EMeta-TR810-51,1800,1800
十七、4F无纸化智慧会议室（127.22㎡）,无纸化系统（双显）,4,全高清流媒体编码主机,台,1,信号接入控制器,EMeta-TR710-51,1800,1800
十七、4F无纸化智慧会议室（127.22㎡）,无纸化系统（双显）,6,有线网络千兆交换机,台,2,,,0,0
十七、4F无纸化智慧会议室（127.22㎡）,无纸化系统（双显）,7,无纸化会议系统终端管理程序软件,套,26,无纸化客户端软件,EMeta-PclientWIN,390,10140
十七、4F无纸化智慧会议室（127.22㎡）,无纸化系统（双显）,,无纸化会议终端主机,,26,无纸化会议系统终端,EMeta-Pclient110,1350,35100
十七、4F无纸化智慧会议室（127.22㎡）,无纸化系统（双显）,8,智能会议升降一体终端,台,26,15.6寸液晶双屏升降器,EMeta-PM-LS15.6B,2350,61100
十七、4F无纸化智慧会议室（127.22㎡）,信号管理综合运维管理系统,1,高清混合管理矩阵,台,1,智能插卡中控主机,EMeta-WL5000,5060,5060
十七、4F无纸化智慧会议室（127.22㎡）,信号管理综合运维管理系统,2,4路 无缝 HDMI信号输入卡,块,3,插卡中控-4路输入4路输出卡,EMeta-WL5000-RH,820,2460
十七、4F无纸化智慧会议室（127.22㎡）,信号管理综合运维管理系统,3,4路 无缝 HDMI信号输出卡,块,2,插卡中控-4路输入4路输出卡,EMeta-WL5000-RH,820,1640
十七、4F无纸化智慧会议室（127.22㎡）,信号管理综合运维管理系统,4,综合运维控制平台,台,1,插卡中控-核心板,EMeta-WL5000-CORE,1620,1620
十七、4F无纸化智慧会议室（127.22㎡）,信号管理综合运维管理系统,5,系统监测模块,套,1,,定制,3000,3000
十七、4F无纸化智慧会议室（127.22㎡）,信号管理综合运维管理系统,6,日志及查询模块,套,1,,定制,3000,3000
十七、4F无纸化智慧会议室（127.22㎡）,信号管理综合运维管理系统,7,资产管理模块,套,1,,定制,3000,3000
十七、4F无纸化智慧会议室（127.22㎡）,信号管理综合运维管理系统,8,联网扩展模块（12口）,个,1,八串口服务器,EMeta-RS6608,1520,1520
十七、4F无纸化智慧会议室（127.22㎡）,信号管理综合运维管理系统,9,网络电源控制器,台,1,8路网络继电器,EMeta-REL08-1U,998,998
十七、4F无纸化智慧会议室（127.22㎡）,信号管理综合运维管理系统,10,智能电源监测管理器,台,3,21路智能时序电源,EMeta-PNC218,2040,6120
十七、4F无纸化智慧会议室（127.22㎡）,信号管理综合运维管理系统,11,平板,台,1,,,,0
十七、4F无纸化智慧会议室（127.22㎡）,信号管理综合运维管理系统,12,路由器,台,1,,,,0
十七、4F无纸化智慧会议室（127.22㎡）,信号管理综合运维管理系统,15,机柜,台,1,,,,0
十八、4F会议室（三）（88.56㎡）,,9,电源时序器,台,1,EC-PNC809,8路网络时序电源,903,903
十九、4F中型学术报告厅（690㎡）,信号管理综合运维管理系统,1,高清混合管理矩阵,台,1,智能插卡中控主机,EMeta-WL5000,5060,5060
十九、4F中型学术报告厅（690㎡）,信号管理综合运维管理系统,2,4路 无缝 HDMI信号输入卡,块,3,插卡中控-4路输入4路输出卡,EMeta-WL5000-RH,820,2460
十九、4F中型学术报告厅（690㎡）,信号管理综合运维管理系统,3,4路 无缝 HDMI信号输出卡,块,3,插卡中控-4路输入4路输出卡,EMeta-WL5000-RH,820,2460
十九、4F中型学术报告厅（690㎡）,信号管理综合运维管理系统,4,综合运维控制平台,台,1,插卡中控-核心板,EMeta-WL5000-CORE,1620,1620
十九、4F中型学术报告厅（690㎡）,信号管理综合运维管理系统,5,系统监测模块,套,1,,定制,5000,5000
十九、4F中型学术报告厅（690㎡）,信号管理综合运维管理系统,6,日志及查询模块,套,1,,定制,5000,5000
十九、4F中型学术报告厅（690㎡）,信号管理综合运维管理系统,7,资产管理模块,套,1,,定制,5000,5000
十九、4F中型学术报告厅（690㎡）,信号管理综合运维管理系统,8,联网扩展模块（12口）,个,1,八串口服务器,EMeta-RS6608,1520,1520
十九、4F中型学术报告厅（690㎡）,信号管理综合运维管理系统,9,红外存储网络模块,台,2,网络八路红外扩展器,EMeta-IR-8RJ45,610,1220
十九、4F中型学术报告厅（690㎡）,信号管理综合运维管理系统,10,网络电源控制器,台,1,8路网络继电器,EMeta-REL08-1U,998,998
十九、4F中型学术报告厅（690㎡）,信号管理综合运维管理系统,11,智能电源监测管理器,台,4,21路智能时序电源,EMeta-PNC218,2040,8160
十九、4F中型学术报告厅（690㎡）,信号管理综合运维管理系统,12,平板,台,1,,,,0
十九、4F中型学术报告厅（690㎡）,信号管理综合运维管理系统,13,路由器,台,1,,,,0
二十、5F会议室（37.1㎡）,,1,会议一体机,台,1,,,,0
二十、5F会议室（37.1㎡）,,2,辅材接插件,项,1,,,,0
二十一、5F多功能活动室（240㎡）,信号管理综合运维管理系统,1,高清混合管理矩阵,台,1,智能插卡中控主机,EMeta-WL5000,5060,5060
二十一、5F多功能活动室（240㎡）,信号管理综合运维管理系统,2,4路 无缝 HDMI信号输入卡,块,1,插卡中控-4路输入4路输出卡,EMeta-WL5000-RH,820,820
二十一、5F多功能活动室（240㎡）,信号管理综合运维管理系统,3,4路 无缝 HDMI信号输出卡,块,1,插卡中控-4路输入4路输出卡,EMeta-WL5000-RH,820,820
二十一、5F多功能活动室（240㎡）,信号管理综合运维管理系统,4,综合运维控制平台,台,1,插卡中控-核心板,EMeta-WL5000-CORE,1620,1620
二十一、5F多功能活动室（240㎡）,信号管理综合运维管理系统,5,系统监测模块,套,1,,定制,3000,5000
二十一、5F多功能活动室（240㎡）,信号管理综合运维管理系统,6,日志及查询模块,套,1,,定制,3000,5000
二十一、5F多功能活动室（240㎡）,信号管理综合运维管理系统,7,资产管理模块,套,1,,定制,3000,5000
二十一、5F多功能活动室（240㎡）,信号管理综合运维管理系统,8,联网扩展模块（12口）,个,1,八串口服务器,EMeta-RS6608,1520,1520
二十一、5F多功能活动室（240㎡）,信号管理综合运维管理系统,9,网络电源控制器,台,1,8路网络继电器,EMeta-REL08-1U,998,998
二十一、5F多功能活动室（240㎡）,信号管理综合运维管理系统,10,智能电源监测管理器,台,1,21路智能时序电源,EMeta-PNC218,2040,2040
二十一、5F多功能活动室（240㎡）,信号管理综合运维管理系统,11,平板,台,1,,,,0
二十一、5F多功能活动室（240㎡）,信号管理综合运维管理系统,12,路由器,台,1,,,,0
二十二、6F无纸化智慧会议室（74.68㎡）,会议发言扩声系统,1,全数字化会议系统主机,台,1,EM-PM-CHM9,数字会议主机,1960,1960
二十二、6F无纸化智慧会议室（74.68㎡）,会议发言扩声系统,2,嵌入式全数字化会议主席发言单元,台,1,EM-PM-CHM9T1,升降器数字会议话筒,320,320
二十二、6F无纸化智慧会议室（74.68㎡）,会议发言扩声系统,3,嵌入式全数字化会议代表发言单元,台,15,EM-PM-CHM9T1,升降器数字会议话筒,320,4800
二十二、6F无纸化智慧会议室（74.68㎡）,会议发言扩声系统,4,话筒杆,支,16,,,,0
二十二、6F无纸化智慧会议室（74.68㎡）,会议发言扩声系统,5,20米延长网线专用线,条,2,,,230,460
二十二、6F无纸化智慧会议室（74.68㎡）,无纸化系统,1,智能会议文件管理服务器,台,1,无纸化会议系统服务器,EMeta-PMS220,5660,5660
二十二、6F无纸化智慧会议室（74.68㎡）,无纸化系统,2,无纸化会议系统后台管理程序软件,套,1,无纸化会议系统,EMeta-PMS,3000,3000
二十二、6F无纸化智慧会议室（74.68㎡）,无纸化系统,3,投影申请服务器,台,1,信号输出控制器,EMeta-TR810-51,1800,1800
二十二、6F无纸化智慧会议室（74.68㎡）,无纸化系统,4,全高清流媒体编码主机,台,1,信号接入控制器,EMeta-TR710-51,1800,1800
二十二、6F无纸化智慧会议室（74.68㎡）,无纸化系统,5,有线网络千兆交换机,台,1,,,0,0
二十二、6F无纸化智慧会议室（74.68㎡）,无纸化系统,6,无纸化会议系统终端管理程序软件,套,16,无纸化客户端软件,EMeta-PclientWIN,390,6240
二十二、6F无纸化智慧会议室（74.68㎡）,无纸化系统,,无纸化会议终端,,16,无纸化会议系统终端,EMeta-Pclient110,1350,21600
二十二、6F无纸化智慧会议室（74.68㎡）,无纸化系统,7,智能会议升降一体终端,台,16,15.6寸液晶双屏升降器,EMeta-PM-LS15.6B,2350,37600
二十二、6F无纸化智慧会议室（74.68㎡）,信号管理综合运维管理系统,1,高清混合管理矩阵,台,1,智能插卡中控主机,EMeta-WL5000,5060,5060
二十二、6F无纸化智慧会议室（74.68㎡）,信号管理综合运维管理系统,2,4路 无缝 HDMI信号输入卡,块,2,插卡中控-4路输入4路输出卡,EMeta-WL5000-RH,820,1640
二十二、6F无纸化智慧会议室（74.68㎡）,信号管理综合运维管理系统,3,4路 无缝 HDMI信号输出卡,块,2,插卡中控-4路输入4路输出卡,EMeta-WL5000-RH,820,1640
二十二、6F无纸化智慧会议室（74.68㎡）,信号管理综合运维管理系统,4,综合运维控制平台,台,1,插卡中控-核心板,EMeta-WL5000-CORE,1620,1620
二十二、6F无纸化智慧会议室（74.68㎡）,信号管理综合运维管理系统,5,系统监测模块,套,1,,定制,5000,5000
二十二、6F无纸化智慧会议室（74.68㎡）,信号管理综合运维管理系统,6,日志及查询模块,套,1,,定制,5000,5000
二十二、6F无纸化智慧会议室（74.68㎡）,信号管理综合运维管理系统,7,资产管理模块,套,1,,定制,5000,5000
二十二、6F无纸化智慧会议室（74.68㎡）,信号管理综合运维管理系统,8,联网扩展模块（12口）,个,1,八串口服务器,EMeta-RS6608,1520,1520
二十二、6F无纸化智慧会议室（74.68㎡）,信号管理综合运维管理系统,9,网络电源控制器,台,1,8路网络继电器,EMeta-REL08-1U,998,998
二十二、6F无纸化智慧会议室（74.68㎡）,信号管理综合运维管理系统,10,智能电源监测管理器,台,2,21路智能时序电源,EMeta-PNC218,2040,4080
二十二、6F无纸化智慧会议室（74.68㎡）,信号管理综合运维管理系统,11,平板,台,1,,,,0
二十二、6F无纸化智慧会议室（74.68㎡）,信号管理综合运维管理系统,12,路由器,台,1,,,,0
二十四、会务管理及总运维管理系统,,1,专业会议室管理系统,套,1,会务管理系统,EMeta-MMS,6500,6500
二十四、会务管理及总运维管理系统,,2,信息发布对接,套,1,信息发布管理系统,EMeta-RMS,3000,3000
二十四、会务管理及总运维管理系统,,3,智慧医院会议总综合运维管理控制平台,套,1,物联运维管理平台,EMeta-IOT-VF,48000,48000
二十四、会务管理及总运维管理系统,,4,数据分析及报表模块,套,1,,定制,25000,25000
二十四、会务管理及总运维管理系统,,5,资产管理模块,套,1,,定制,9000,9000
二十四、会务管理及总运维管理系统,,6,分会议室数据备份模块,套,1,,定制,9000,9000
二十四、会务管理及总运维管理系统,,7,平台对接接口开发,套,1,,定制,25000,25000
二十四、会务管理及总运维管理系统,,8,总综合运维平台服务器,台,1,系统服务器,EMeta-MS400Z,39300,39300
二十八、10F多功能会议室（108㎡）,,6,电源时序器,台,1,EC-PNC809,8路网络时序电源,903,903
二十九、17F活动室（112㎡）,,4,电源时序器,台,1,EC-PNC809,8路网络时序电源,903,903
